Model,Storage,Status,Quality,Price
IPHONE 12 PRO,128GB,locked,flawless,$171.30
IPHONE 12 PRO,128GB,locked,good,$173.25
IPHONE 12 PRO,128GB,locked,fair,$122.00
IPHONE 12 PRO,128GB,locked,damaged,$92.00
IPHONE 12 PRO,128GB,unlocked,flawless,$179.37
IPHONE 12 PRO,128GB,unlocked,good,$181.39
IPHONE 12 PRO,128GB,unlocked,fair,$126.00
IPHONE 12 PRO,128GB,unlocked,damaged,$93.00
IPHONE 12 PRO,256GB,locked,flawless,$180.10
IPHONE 12 PRO,256GB,locked,good,$182.33
IPHONE 12 PRO,256GB,locked,fair,$162.00
IPHONE 12 PRO,256GB,locked,damaged,$92.00
IPHONE 12 PRO,256GB,unlocked,flawless,$188.17
IPHONE 12 PRO,256GB,unlocked,good,$190.26
IPHONE 12 PRO,256GB,unlocked,fair,$162.00
IPHONE 12 PRO,256GB,unlocked,damaged,$93.00
IPHONE 12 PRO,512GB,locked,flawless,$212.10
IPHONE 12 PRO,512GB,locked,good,$214.33
IPHONE 12 PRO,512GB,locked,fair,$162.00
IPHONE 12 PRO,512GB,locked,damaged,$92.00
IPHONE 12 PRO,512GB,unlocked,flawless,$220.17
IPHONE 12 PRO,512GB,unlocked,good,$221.84
IPHONE 12 PRO,512GB,unlocked,fair,$162.00
IPHONE 12 PRO,512GB,unlocked,damaged,$112.00
IPHONE 12 PRO MAX,128GB,locked,flawless,$211.55
IPHONE 12 PRO MAX,128GB,locked,good,$213.98
IPHONE 12 PRO MAX,128GB,locked,fair,$149.00
IPHONE 12 PRO MAX,128GB,locked,damaged,$112.00
IPHONE 12 PRO MAX,128GB,unlocked,flawless,$219.41
IPHONE 12 PRO MAX,128GB,unlocked,good,$221.43
IPHONE 12 PRO MAX,128GB,unlocked,fair,$167.00
IPHONE 12 PRO MAX,128GB,unlocked,damaged,$112.00
IPHONE 12 PRO MAX,256GB,locked,flawless,$232.63
IPHONE 12 PRO MAX,256GB,locked,good,$236.80
IPHONE 12 PRO MAX,256GB,locked,fair,$167.00
IPHONE 12 PRO MAX,256GB,locked,damaged,$112.00
IPHONE 12 PRO MAX,256GB,unlocked,flawless,$241.81
IPHONE 12 PRO MAX,256GB,unlocked,good,$243.83
IPHONE 12 PRO MAX,256GB,unlocked,fair,$187.00
IPHONE 12 PRO MAX,256GB,unlocked,damaged,$122.00
IPHONE 12 PRO MAX,512GB,locked,flawless,$239.30
IPHONE 12 PRO MAX,512GB,locked,good,$242.57
IPHONE 12 PRO MAX,512GB,locked,fair,$182.00
IPHONE 12 PRO MAX,512GB,locked,damaged,$112.00
IPHONE 12 PRO MAX,512GB,unlocked,flawless,$248.56
IPHONE 12 PRO MAX,512GB,unlocked,good,$250.30
IPHONE 12 PRO MAX,512GB,unlocked,fair,$202.00
IPHONE 12 PRO MAX,512GB,unlocked,damaged,$142.00
IPHONE 13,128GB,locked,flawless,$181.43
IPHONE 13,128GB,locked,good,$184.70
IPHONE 13,128GB,locked,fair,$112.00
IPHONE 13,128GB,locked,damaged,$58.00
IPHONE 13,128GB,unlocked,flawless,$189.91
IPHONE 13,128GB,unlocked,good,$192.14
IPHONE 13,128GB,unlocked,fair,$123.00
IPHONE 13,128GB,unlocked,damaged,$73.00
IPHONE 13,256GB,locked,flawless,$196.63
IPHONE 13,256GB,locked,good,$199.83
IPHONE 13,256GB,locked,fair,$156.00
IPHONE 13,256GB,locked,damaged,$63.00
IPHONE 13,256GB,unlocked,flawless,$200.17
IPHONE 13,256GB,unlocked,good,$200.17
IPHONE 13,256GB,unlocked,fair,$175.41
IPHONE 13,256GB,unlocked,damaged,$156.00
IPHONE 13,512GB,locked,flawless,$234.19
IPHONE 13,512GB,locked,good,$237.74
IPHONE 13,512GB,locked,fair,$173.00
IPHONE 13,512GB,locked,damaged,$83.00
IPHONE 13,512GB,unlocked,flawless,$240.17
IPHONE 13,512GB,unlocked,good,$240.17
IPHONE 13,512GB,unlocked,fair,$214.09
IPHONE 13,512GB,unlocked,damaged,$171.00
IPHONE 13 MINI,128GB,locked,flawless,$146.57
IPHONE 13 MINI,128GB,locked,good,$136.00
IPHONE 13 MINI,128GB,locked,fair,$83.00
IPHONE 13 MINI,128GB,locked,damaged,$57.00
IPHONE 13 MINI,128GB,unlocked,flawless,$153.18
IPHONE 13 MINI,128GB,unlocked,good,$154.64
IPHONE 13 MINI,128GB,unlocked,fair,$107.00
IPHONE 13 MINI,128GB,unlocked,damaged,$58.00
IPHONE 13 MINI,256GB,locked,flawless,$184.35
IPHONE 13 MINI,256GB,locked,good,$168.00
IPHONE 13 MINI,256GB,locked,fair,$107.00
IPHONE 13 MINI,256GB,locked,damaged,$77.00
IPHONE 13 MINI,256GB,unlocked,flawless,$190.96
IPHONE 13 MINI,256GB,unlocked,good,$192.42
IPHONE 13 MINI,256GB,unlocked,fair,$147.00
IPHONE 13 MINI,256GB,unlocked,damaged,$78.00
IPHONE 13 MINI,512GB,locked,flawless,$213.00
IPHONE 13 MINI,512GB,locked,good,$189.00
IPHONE 13 MINI,512GB,locked,fair,$122.00
IPHONE 13 MINI,512GB,locked,damaged,$97.00
IPHONE 13 MINI,512GB,unlocked,flawless,$243.00
IPHONE 13 MINI,512GB,unlocked,good,$221.00
IPHONE 13 MINI,512GB,unlocked,fair,$162.00
IPHONE 13 MINI,512GB,unlocked,damaged,$73.00
IPHONE 13 PRO,1TB,locked,flawless,$235.48
IPHONE 13 PRO,1TB,locked,good,$240.00
IPHONE 13 PRO,1TB,locked,fair,$202.00
IPHONE 13 PRO,1TB,locked,damaged,$133.00
IPHONE 13 PRO,1TB,unlocked,flawless,$244.17
IPHONE 13 PRO,1TB,unlocked,good,$244.73
IPHONE 13 PRO,1TB,unlocked,fair,$227.00
IPHONE 13 PRO,1TB,unlocked,damaged,$182.00
IPHONE 13 PRO,128GB,locked,flawless,$100.56
IPHONE 13 PRO,128GB,locked,good,$104.45
IPHONE 13 PRO,128GB,locked,fair,$93.04
IPHONE 13 PRO,128GB,locked,damaged,$77.67
IPHONE 13 PRO,128GB,unlocked,flawless,$327.00
IPHONE 13 PRO,128GB,unlocked,good,$280.00
IPHONE 13 PRO,128GB,unlocked,fair,$170.00
IPHONE 13 PRO,128GB,unlocked,damaged,$133.00
IPHONE 13 PRO,256GB,locked,flawless,$249.63
IPHONE 13 PRO,256GB,locked,good,$253.04
IPHONE 13 PRO,256GB,locked,fair,$179.00
IPHONE 13 PRO,256GB,locked,damaged,$132.00
IPHONE 13 PRO,256GB,unlocked,flawless,$258.54
IPHONE 13 PRO,256GB,unlocked,good,$260.63
IPHONE 13 PRO,256GB,unlocked,fair,$192.00
IPHONE 13 PRO,256GB,unlocked,damaged,$133.00
IPHONE 13 PRO,512GB,locked,flawless,$306.50
IPHONE 13 PRO,512GB,locked,good,$296.00
IPHONE 13 PRO,512GB,locked,fair,$187.00
IPHONE 13 PRO,512GB,locked,damaged,$132.00
IPHONE 13 PRO,512GB,unlocked,flawless,$315.41
IPHONE 13 PRO,512GB,unlocked,good,$318.33
IPHONE 13 PRO,512GB,unlocked,fair,$212.00
IPHONE 13 PRO,512GB,unlocked,damaged,$153.00
IPHONE 13 PRO MAX,1TB,locked,flawless,$267.48
IPHONE 13 PRO MAX,1TB,locked,good,$267.48
IPHONE 13 PRO MAX,1TB,locked,fair,$256.63
IPHONE 13 PRO MAX,1TB,locked,damaged,$238.33
IPHONE 13 PRO MAX,1TB,unlocked,flawless,$276.17
IPHONE 13 PRO MAX,1TB,unlocked,good,$276.17
IPHONE 13 PRO MAX,1TB,unlocked,fair,$256.63
IPHONE 13 PRO MAX,1TB,unlocked,damaged,$232.00
IPHONE 13 PRO MAX,128GB,locked,flawless,$343.00
IPHONE 13 PRO MAX,128GB,locked,good,$316.00
IPHONE 13 PRO MAX,128GB,locked,fair,$207.00
IPHONE 13 PRO MAX,128GB,locked,damaged,$137.00
IPHONE 13 PRO MAX,128GB,unlocked,flawless,$343.00
IPHONE 13 PRO MAX,128GB,unlocked,good,$316.00
IPHONE 13 PRO MAX,128GB,unlocked,fair,$207.00
IPHONE 13 PRO MAX,128GB,unlocked,damaged,$152.00
IPHONE 13 PRO MAX,256GB,locked,flawless,$299.48
IPHONE 13 PRO MAX,256GB,locked,good,$300.87
IPHONE 13 PRO MAX,256GB,locked,fair,$247.00
IPHONE 13 PRO MAX,256GB,locked,damaged,$140.00
IPHONE 13 PRO MAX,256GB,unlocked,flawless,$308.17
IPHONE 13 PRO MAX,256GB,unlocked,good,$309.57
IPHONE 13 PRO MAX,256GB,unlocked,fair,$247.00
IPHONE 13 PRO MAX,256GB,unlocked,damaged,$182.00
IPHONE 13 PRO MAX,512GB,locked,flawless,$335.48
IPHONE 13 PRO MAX,512GB,locked,good,$336.17
IPHONE 13 PRO MAX,512GB,locked,fair,$257.00
IPHONE 13 PRO MAX,512GB,locked,damaged,$187.00
IPHONE 13 PRO MAX,512GB,unlocked,flawless,$344.17
IPHONE 13 PRO MAX,512GB,unlocked,good,$344.87
IPHONE 13 PRO MAX,512GB,unlocked,fair,$257.00
IPHONE 13 PRO MAX,512GB,unlocked,damaged,$202.00
IPHONE 14,128GB,locked,flawless,$193.00
IPHONE 14,128GB,locked,good,$165.00
IPHONE 14,128GB,locked,fair,$120.00
IPHONE 14,128GB,locked,damaged,$73.00
IPHONE 14,128GB,unlocked,flawless,$211.51
IPHONE 14,128GB,unlocked,good,$199.00
IPHONE 14,128GB,unlocked,fair,$149.00
IPHONE 14,128GB,unlocked,damaged,$88.00
IPHONE 14,256GB,locked,flawless,$213.00
IPHONE 14,256GB,locked,good,$184.00
IPHONE 14,256GB,locked,fair,$126.00
IPHONE 14,256GB,locked,damaged,$108.00
IPHONE 14,256GB,unlocked,flawless,$239.90
IPHONE 14,256GB,unlocked,good,$231.00
IPHONE 14,256GB,unlocked,fair,$177.00
IPHONE 14,256GB,unlocked,damaged,$113.00
IPHONE 14,512GB,locked,flawless,$262.00
IPHONE 14,512GB,locked,good,$242.00
IPHONE 14,512GB,locked,fair,$177.00
IPHONE 14,512GB,locked,damaged,$113.00
IPHONE 14,512GB,unlocked,flawless,$265.70
IPHONE 14,512GB,unlocked,good,$269.32
IPHONE 14,512GB,unlocked,fair,$197.00
IPHONE 14,512GB,unlocked,damaged,$123.00
IPHONE 14 PLUS,128GB,locked,flawless,$216.10
IPHONE 14 PLUS,128GB,locked,good,$211.00
IPHONE 14 PLUS,128GB,locked,fair,$152.00
IPHONE 14 PLUS,128GB,locked,damaged,$139.00
IPHONE 14 PLUS,128GB,unlocked,flawless,$222.09
IPHONE 14 PLUS,128GB,unlocked,good,$225.08
IPHONE 14 PLUS,128GB,unlocked,fair,$187.00
IPHONE 14 PLUS,128GB,unlocked,damaged,$128.00
IPHONE 14 PLUS,256GB,locked,flawless,$241.53
IPHONE 14 PLUS,256GB,locked,good,$244.38
IPHONE 14 PLUS,256GB,locked,fair,$177.00
IPHONE 14 PLUS,256GB,locked,damaged,$150.00
IPHONE 14 PLUS,256GB,unlocked,flawless,$247.93
IPHONE 14 PLUS,256GB,unlocked,good,$250.85
IPHONE 14 PLUS,256GB,unlocked,fair,$212.00
IPHONE 14 PLUS,256GB,unlocked,damaged,$148.00
IPHONE 14 PLUS,512GB,locked,flawless,$270.61
IPHONE 14 PLUS,512GB,locked,good,$273.39
IPHONE 14 PLUS,512GB,locked,fair,$212.00
IPHONE 14 PLUS,512GB,locked,damaged,$160.00
IPHONE 14 PLUS,512GB,unlocked,flawless,$278.19
IPHONE 14 PLUS,512GB,unlocked,good,$280.63
IPHONE 14 PLUS,512GB,unlocked,fair,$232.00
IPHONE 14 PLUS,512GB,unlocked,damaged,$153.00
IPHONE 14 PRO,1TB,locked,flawless,$279.48
IPHONE 14 PRO,1TB,locked,good,$280.45
IPHONE 14 PRO,1TB,locked,fair,$237.00
IPHONE 14 PRO,1TB,locked,damaged,$217.00
IPHONE 14 PRO,1TB,unlocked,flawless,$288.17
IPHONE 14 PRO,1TB,unlocked,good,$288.17
IPHONE 14 PRO,1TB,unlocked,fair,$266.26
IPHONE 14 PRO,1TB,unlocked,damaged,$243.00
IPHONE 14 PRO,128GB,locked,flawless,$302.00
IPHONE 14 PRO,128GB,locked,good,$280.00
IPHONE 14 PRO,128GB,locked,fair,$178.00
IPHONE 14 PRO,128GB,locked,damaged,$162.00
IPHONE 14 PRO,128GB,unlocked,flawless,$362.00
IPHONE 14 PRO,128GB,unlocked,good,$337.00
IPHONE 14 PRO,128GB,unlocked,fair,$227.00
IPHONE 14 PRO,128GB,unlocked,damaged,$173.00
IPHONE 14 PRO,256GB,locked,flawless,$302.12
IPHONE 14 PRO,256GB,locked,good,$303.23
IPHONE 14 PRO,256GB,locked,fair,$201.00
IPHONE 14 PRO,256GB,locked,damaged,$187.00
IPHONE 14 PRO,256GB,unlocked,flawless,$308.17
IPHONE 14 PRO,256GB,unlocked,good,$309.15
IPHONE 14 PRO,256GB,unlocked,fair,$257.00
IPHONE 14 PRO,256GB,unlocked,damaged,$193.00
IPHONE 14 PRO,512GB,locked,flawless,$324.73
IPHONE 14 PRO,512GB,locked,good,$325.84
IPHONE 14 PRO,512GB,locked,fair,$217.00
IPHONE 14 PRO,512GB,locked,damaged,$197.00
IPHONE 14 PRO,512GB,unlocked,flawless,$332.17
IPHONE 14 PRO,512GB,unlocked,good,$332.17
IPHONE 14 PRO,512GB,unlocked,fair,$297.00
IPHONE 14 PRO,512GB,unlocked,damaged,$233.00
IPHONE 14 PRO MAX,1TB,locked,flawless,$335.48
IPHONE 14 PRO MAX,1TB,locked,good,$335.48
IPHONE 14 PRO MAX,1TB,locked,fair,$302.00
IPHONE 14 PRO MAX,1TB,locked,damaged,$254.00
IPHONE 14 PRO MAX,1TB,unlocked,flawless,$344.17
IPHONE 14 PRO MAX,1TB,unlocked,good,$344.17
IPHONE 14 PRO MAX,1TB,unlocked,fair,$318.09
IPHONE 14 PRO MAX,1TB,unlocked,damaged,$283.00
IPHONE 14 PRO MAX,128GB,locked,flawless,$339.00
IPHONE 14 PRO MAX,128GB,locked,good,$307.00
IPHONE 14 PRO MAX,128GB,locked,fair,$222.00
IPHONE 14 PRO MAX,128GB,locked,damaged,$185.00
IPHONE 14 PRO MAX,128GB,unlocked,flawless,$416.17
IPHONE 14 PRO MAX,128GB,unlocked,good,$392.00
IPHONE 14 PRO MAX,128GB,unlocked,fair,$306.00
IPHONE 14 PRO MAX,128GB,unlocked,damaged,$243.00
IPHONE 14 PRO MAX,256GB,locked,flawless,$343.62
IPHONE 14 PRO MAX,256GB,locked,good,$337.00
IPHONE 14 PRO MAX,256GB,locked,fair,$257.00
IPHONE 14 PRO MAX,256GB,locked,damaged,$205.00
IPHONE 14 PRO MAX,256GB,unlocked,flawless,$352.17
IPHONE 14 PRO MAX,256GB,unlocked,good,$352.17
IPHONE 14 PRO MAX,256GB,unlocked,fair,$328.87
IPHONE 14 PRO MAX,256GB,unlocked,damaged,$243.00
IPHONE 14 PRO MAX,512GB,locked,flawless,$393.00
IPHONE 14 PRO MAX,512GB,locked,good,$368.00
IPHONE 14 PRO MAX,512GB,locked,fair,$272.00
IPHONE 14 PRO MAX,512GB,locked,damaged,$225.00
IPHONE 14 PRO MAX,512GB,unlocked,flawless,$416.17
IPHONE 14 PRO MAX,512GB,unlocked,good,$416.17
IPHONE 14 PRO MAX,512GB,unlocked,fair,$356.00
IPHONE 14 PRO MAX,512GB,unlocked,damaged,$263.00
IPHONE 15,128GB,locked,flawless,$263.00
IPHONE 15,128GB,locked,good,$229.00
IPHONE 15,128GB,locked,fair,$169.00
IPHONE 15,128GB,locked,damaged,$140.00
IPHONE 15,128GB,unlocked,flawless,$305.50
IPHONE 15,128GB,unlocked,good,$307.58
IPHONE 15,128GB,unlocked,fair,$266.00
IPHONE 15,128GB,unlocked,damaged,$158.00
IPHONE 15,256GB,locked,flawless,$305.00
IPHONE 15,256GB,locked,good,$264.00
IPHONE 15,256GB,locked,fair,$209.00
IPHONE 15,256GB,locked,damaged,$165.00
IPHONE 15,256GB,unlocked,flawless,$352.17
IPHONE 15,256GB,unlocked,good,$352.80
IPHONE 15,256GB,unlocked,fair,$306.00
IPHONE 15,256GB,unlocked,damaged,$172.00
IPHONE 15,512GB,locked,flawless,$346.00
IPHONE 15,512GB,locked,good,$307.00
IPHONE 15,512GB,locked,fair,$249.00
IPHONE 15,512GB,locked,damaged,$175.00
IPHONE 15,512GB,unlocked,flawless,$424.17
IPHONE 15,512GB,unlocked,good,$407.00
IPHONE 15,512GB,unlocked,fair,$346.00
IPHONE 15,512GB,unlocked,damaged,$207.00
IPHONE 15 PLUS,128GB,locked,flawless,$295.00
IPHONE 15 PLUS,128GB,locked,good,$256.00
IPHONE 15 PLUS,128GB,locked,fair,$184.00
IPHONE 15 PLUS,128GB,locked,damaged,$170.00
IPHONE 15 PLUS,128GB,unlocked,flawless,$328.17
IPHONE 15 PLUS,128GB,unlocked,good,$329.84
IPHONE 15 PLUS,128GB,unlocked,fair,$282.00
IPHONE 15 PLUS,128GB,unlocked,damaged,$203.00
IPHONE 15 PLUS,256GB,locked,flawless,$351.00
IPHONE 15 PLUS,256GB,locked,good,$288.00
IPHONE 15 PLUS,256GB,locked,fair,$209.00
IPHONE 15 PLUS,256GB,locked,damaged,$185.00
IPHONE 15 PLUS,256GB,unlocked,flawless,$372.17
IPHONE 15 PLUS,256GB,unlocked,good,$372.17
IPHONE 15 PLUS,256GB,unlocked,fair,$307.00
IPHONE 15 PLUS,256GB,unlocked,damaged,$223.00
IPHONE 15 PLUS,512GB,locked,flawless,$416.00
IPHONE 15 PLUS,512GB,locked,good,$367.00
IPHONE 15 PLUS,512GB,locked,fair,$254.00
IPHONE 15 PLUS,512GB,locked,damaged,$205.00
IPHONE 15 PLUS,512GB,unlocked,flawless,$424.17
IPHONE 15 PLUS,512GB,unlocked,good,$424.17
IPHONE 15 PLUS,512GB,unlocked,fair,$352.00
IPHONE 15 PLUS,512GB,unlocked,damaged,$243.00
IPHONE 15 PRO,1TB,locked,flawless,$355.48
IPHONE 15 PRO,1TB,locked,good,$355.48
IPHONE 15 PRO,1TB,locked,fair,$340.10
IPHONE 15 PRO,1TB,locked,damaged,$304.00
IPHONE 15 PRO,1TB,unlocked,flawless,$364.17
IPHONE 15 PRO,1TB,unlocked,good,$364.17
IPHONE 15 PRO,1TB,unlocked,fair,$338.09
IPHONE 15 PRO,1TB,unlocked,damaged,$320.70
IPHONE 15 PRO,128GB,locked,flawless,$374.00
IPHONE 15 PRO,128GB,locked,good,$332.00
IPHONE 15 PRO,128GB,locked,fair,$222.00
IPHONE 15 PRO,128GB,locked,damaged,$210.00
IPHONE 15 PRO,128GB,unlocked,flawless,$456.17
IPHONE 15 PRO,128GB,unlocked,good,$422.00
IPHONE 15 PRO,128GB,unlocked,fair,$332.00
IPHONE 15 PRO,128GB,unlocked,damaged,$250.00
IPHONE 15 PRO,256GB,locked,flawless,$414.00
IPHONE 15 PRO,256GB,locked,good,$372.00
IPHONE 15 PRO,256GB,locked,fair,$262.00
IPHONE 15 PRO,256GB,locked,damaged,$244.00
IPHONE 15 PRO,256GB,unlocked,flawless,$441.77
IPHONE 15 PRO,256GB,unlocked,good,$441.77
IPHONE 15 PRO,256GB,unlocked,fair,$372.00
IPHONE 15 PRO,256GB,unlocked,damaged,$289.00
IPHONE 15 PRO,512GB,locked,flawless,$443.48
IPHONE 15 PRO,512GB,locked,good,$412.00
IPHONE 15 PRO,512GB,locked,fair,$292.00
IPHONE 15 PRO,512GB,locked,damaged,$284.00
IPHONE 15 PRO,512GB,unlocked,flawless,$452.17
IPHONE 15 PRO,512GB,unlocked,good,$452.17
IPHONE 15 PRO,512GB,unlocked,fair,$402.00
IPHONE 15 PRO,512GB,unlocked,damaged,$329.00
IPHONE 15 PRO MAX,1TB,locked,flawless,$495.48
IPHONE 15 PRO MAX,1TB,locked,good,$472.00
IPHONE 15 PRO MAX,1TB,locked,fair,$387.00
IPHONE 15 PRO MAX,1TB,locked,damaged,$314.00
IPHONE 15 PRO MAX,1TB,unlocked,flawless,$504.17
IPHONE 15 PRO MAX,1TB,unlocked,good,$504.17
IPHONE 15 PRO MAX,1TB,unlocked,fair,$476.00
IPHONE 15 PRO MAX,1TB,unlocked,damaged,$449.00
IPHONE 15 PRO MAX,256GB,locked,flawless,$441.00
IPHONE 15 PRO MAX,256GB,locked,good,$402.00
IPHONE 15 PRO MAX,256GB,locked,fair,$317.00
IPHONE 15 PRO MAX,256GB,locked,damaged,$254.00
IPHONE 15 PRO MAX,256GB,unlocked,flawless,$488.17
IPHONE 15 PRO MAX,256GB,unlocked,good,$488.17
IPHONE 15 PRO MAX,256GB,unlocked,fair,$422.00
IPHONE 15 PRO MAX,256GB,unlocked,damaged,$374.00
IPHONE 15 PRO MAX,512GB,locked,flawless,$471.00
IPHONE 15 PRO MAX,512GB,locked,good,$432.00
IPHONE 15 PRO MAX,512GB,locked,fair,$347.00
IPHONE 15 PRO MAX,512GB,locked,damaged,$284.00
IPHONE 15 PRO MAX,512GB,unlocked,flawless,$504.17
IPHONE 15 PRO MAX,512GB,unlocked,good,$504.17
IPHONE 15 PRO MAX,512GB,unlocked,fair,$437.00
IPHONE 15 PRO MAX,512GB,unlocked,damaged,$409.00
IPHONE 16,128GB,locked,flawless,$350.00
IPHONE 16,128GB,locked,good,$296.00
IPHONE 16,128GB,locked,fair,$237.00
IPHONE 16,128GB,locked,damaged,$155.00
IPHONE 16,128GB,unlocked,flawless,$408.17
IPHONE 16,128GB,unlocked,good,$408.17
IPHONE 16,128GB,unlocked,fair,$337.00
IPHONE 16,128GB,unlocked,damaged,$239.00
IPHONE 16,256GB,locked,flawless,$383.00
IPHONE 16,256GB,locked,good,$343.00
IPHONE 16,256GB,locked,fair,$269.00
IPHONE 16,256GB,locked,damaged,$195.00
IPHONE 16,256GB,unlocked,flawless,$472.17
IPHONE 16,256GB,unlocked,good,$442.00
IPHONE 16,256GB,unlocked,fair,$367.00
IPHONE 16,256GB,unlocked,damaged,$289.00
IPHONE 16,512GB,locked,flawless,$410.00
IPHONE 16,512GB,locked,good,$361.00
IPHONE 16,512GB,locked,fair,$297.00
IPHONE 16,512GB,locked,damaged,$245.00
IPHONE 16,512GB,unlocked,flawless,$516.00
IPHONE 16,512GB,unlocked,good,$472.00
IPHONE 16,512GB,unlocked,fair,$397.00
IPHONE 16,512GB,unlocked,damaged,$339.00
IPHONE 16 PLUS,128GB,locked,flawless,$411.48
IPHONE 16 PLUS,128GB,locked,good,$382.00
IPHONE 16 PLUS,128GB,locked,fair,$309.00
IPHONE 16 PLUS,128GB,locked,damaged,$220.00
IPHONE 16 PLUS,128GB,unlocked,flawless,$420.17
IPHONE 16 PLUS,128GB,unlocked,good,$420.17
IPHONE 16 PLUS,128GB,unlocked,fair,$394.09
IPHONE 16 PLUS,128GB,unlocked,damaged,$258.00
IPHONE 16 PLUS,256GB,locked,flawless,$460.00
IPHONE 16 PLUS,256GB,locked,good,$421.00
IPHONE 16 PLUS,256GB,locked,fair,$349.00
IPHONE 16 PLUS,256GB,locked,damaged,$260.00
IPHONE 16 PLUS,256GB,unlocked,flawless,$512.17
IPHONE 16 PLUS,256GB,unlocked,good,$512.17
IPHONE 16 PLUS,256GB,unlocked,fair,$446.00
IPHONE 16 PLUS,256GB,unlocked,damaged,$318.00
IPHONE 16 PLUS,512GB,locked,flawless,$498.00
IPHONE 16 PLUS,512GB,locked,good,$457.00
IPHONE 16 PLUS,512GB,locked,fair,$383.00
IPHONE 16 PLUS,512GB,locked,damaged,$305.00
IPHONE 16 PLUS,512GB,unlocked,flawless,$606.00
IPHONE 16 PLUS,512GB,unlocked,good,$576.00
IPHONE 16 PLUS,512GB,unlocked,fair,$481.00
IPHONE 16 PLUS,512GB,unlocked,damaged,$348.00
IPHONE 16 PRO,1TB,locked,flawless,$479.48
IPHONE 16 PRO,1TB,locked,good,$479.48
IPHONE 16 PRO,1TB,locked,fair,$462.09
IPHONE 16 PRO,1TB,locked,damaged,$444.00
IPHONE 16 PRO,1TB,unlocked,flawless,$488.17
IPHONE 16 PRO,1TB,unlocked,good,$488.17
IPHONE 16 PRO,1TB,unlocked,fair,$462.09
IPHONE 16 PRO,1TB,unlocked,damaged,$444.70
IPHONE 16 PRO,128GB,locked,flawless,$499.00
IPHONE 16 PRO,128GB,locked,good,$462.00
IPHONE 16 PRO,128GB,locked,fair,$387.00
IPHONE 16 PRO,128GB,locked,damaged,$255.00
IPHONE 16 PRO,128GB,unlocked,flawless,$554.99
IPHONE 16 PRO,128GB,unlocked,good,$522.00
IPHONE 16 PRO,128GB,unlocked,fair,$456.00
IPHONE 16 PRO,128GB,unlocked,damaged,$315.00
IPHONE 16 PRO,256GB,locked,flawless,$527.48
IPHONE 16 PRO,256GB,locked,good,$507.00
IPHONE 16 PRO,256GB,locked,fair,$431.00
IPHONE 16 PRO,256GB,locked,damaged,$324.00
IPHONE 16 PRO,256GB,unlocked,flawless,$536.17
IPHONE 16 PRO,256GB,unlocked,good,$536.17
IPHONE 16 PRO,256GB,unlocked,fair,$506.00
IPHONE 16 PRO,256GB,unlocked,damaged,$414.00
IPHONE 16 PRO,512GB,locked,flawless,$569.00
IPHONE 16 PRO,512GB,locked,good,$537.00
IPHONE 16 PRO,512GB,locked,fair,$471.00
IPHONE 16 PRO,512GB,locked,damaged,$389.00
IPHONE 16 PRO,512GB,unlocked,flawless,$604.17
IPHONE 16 PRO,512GB,unlocked,good,$604.17
IPHONE 16 PRO,512GB,unlocked,fair,$546.00
IPHONE 16 PRO,512GB,unlocked,damaged,$484.00
IPHONE 16 PRO MAX,1TB,locked,flawless,$751.48
IPHONE 16 PRO MAX,1TB,locked,good,$727.00
IPHONE 16 PRO MAX,1TB,locked,fair,$641.00
IPHONE 16 PRO MAX,1TB,locked,damaged,$524.00
IPHONE 16 PRO MAX,1TB,unlocked,flawless,$760.17
IPHONE 16 PRO MAX,1TB,unlocked,good,$760.17
IPHONE 16 PRO MAX,1TB,unlocked,fair,$734.09
IPHONE 16 PRO MAX,1TB,unlocked,damaged,$634.00
IPHONE 16 PRO MAX,256GB,locked,flawless,$615.48
IPHONE 16 PRO MAX,256GB,locked,good,$577.00
IPHONE 16 PRO MAX,256GB,locked,fair,$491.00
IPHONE 16 PRO MAX,256GB,locked,damaged,$384.00
IPHONE 16 PRO MAX,256GB,unlocked,flawless,$624.17
IPHONE 16 PRO MAX,256GB,unlocked,good,$624.17
IPHONE 16 PRO MAX,256GB,unlocked,fair,$596.00
IPHONE 16 PRO MAX,256GB,unlocked,damaged,$494.00
IPHONE 16 PRO MAX,512GB,locked,flawless,$679.48
IPHONE 16 PRO MAX,512GB,locked,good,$637.00
IPHONE 16 PRO MAX,512GB,locked,fair,$551.00
IPHONE 16 PRO MAX,512GB,locked,damaged,$454.00
IPHONE 16 PRO MAX,512GB,unlocked,flawless,$688.17
IPHONE 16 PRO MAX,512GB,unlocked,good,$688.17
IPHONE 16 PRO MAX,512GB,unlocked,fair,$656.00
IPHONE 16 PRO MAX,512GB,unlocked,damaged,$564.00
iPhone 16 SE,128GB,locked,flawless,$188.00
iPhone 16 SE,128GB,locked,good,$156.00
iPhone 16 SE,128GB,locked,fair,$106.00
iPhone 16 SE,128GB,locked,damaged,$93.00
iPhone 16 SE,128GB,unlocked,flawless,$278.09
iPhone 16 SE,128GB,unlocked,good,$259.00
iPhone 16 SE,128GB,unlocked,fair,$193.00
iPhone 16 SE,128GB,unlocked,damaged,$113.00
iPhone 16 SE,256GB,locked,flawless,$258.00
iPhone 16 SE,256GB,locked,good,$218.00
iPhone 16 SE,256GB,locked,fair,$162.00
iPhone 16 SE,256GB,locked,damaged,$108.00
iPhone 16 SE,256GB,unlocked,flawless,$331.00
iPhone 16 SE,256GB,unlocked,good,$321.00
iPhone 16 SE,256GB,unlocked,fair,$261.00
iPhone 16 SE,256GB,unlocked,damaged,$133.00
S20 FE,128GB,locked,flawless,$56.00
S20 FE,128GB,locked,good,$46.00
S20 FE,128GB,locked,fair,$31.00
S20 FE,128GB,locked,damaged,$11.00
S20 FE,128GB,unlocked,flawless,$66.00
S20 FE,128GB,unlocked,good,$56.00
S20 FE,128GB,unlocked,fair,$31.00
S20 FE,128GB,unlocked,damaged,$11.00
S21,128GB,locked,flawless,$72.00
S21,128GB,locked,good,$61.00
S21,128GB,locked,fair,$42.00
S21,128GB,locked,damaged,$21.00
S21,128GB,unlocked,flawless,$87.00
S21,128GB,unlocked,good,$71.00
S21,128GB,unlocked,fair,$52.00
S21,128GB,unlocked,damaged,$18.00
S21 FE,128GB,locked,flawless,$66.00
S21 FE,128GB,locked,good,$56.00
S21 FE,128GB,locked,fair,$36.00
S21 FE,128GB,locked,damaged,$12.00
S21 FE,128GB,unlocked,flawless,$86.00
S21 FE,128GB,unlocked,good,$66.00
S21 FE,128GB,unlocked,fair,$41.00
S21 FE,128GB,unlocked,damaged,$12.00
S21 ULTRA,128GB,locked,flawless,$142.00
S21 ULTRA,128GB,locked,good,$126.00
S21 ULTRA,128GB,locked,fair,$77.00
S21 ULTRA,128GB,locked,damaged,$26.00
S21 ULTRA,128GB,unlocked,flawless,$152.00
S21 ULTRA,128GB,unlocked,good,$136.00
S21 ULTRA,128GB,unlocked,fair,$87.00
S21 ULTRA,128GB,unlocked,damaged,$31.00
S21+,128GB,locked,flawless,$102.19
S21+,128GB,locked,good,$96.00
S21+,128GB,locked,fair,$57.00
S21+,128GB,locked,damaged,$26.00
S21+,128GB,unlocked,flawless,$109.00
S21+,128GB,unlocked,good,$98.00
S21+,128GB,unlocked,fair,$71.00
S21+,128GB,unlocked,damaged,$31.00
S22,128GB,locked,flawless,$98.54
S22,128GB,locked,good,$86.00
S22,128GB,locked,fair,$49.00
S22,128GB,locked,damaged,$26.00
S22,128GB,unlocked,flawless,$106.19
S22,128GB,unlocked,good,$101.00
S22,128GB,unlocked,fair,$67.00
S22,128GB,unlocked,damaged,$31.00
S22,256gb,locked,flawless,$109.00
S22,256gb,locked,good,$94.00
S22,256gb,locked,fair,$57.00
S22,256gb,locked,damaged,$26.00
S22,256gb,unlocked,flawless,$125.43
S22,256gb,unlocked,good,$112.00
S22,256gb,unlocked,fair,$93.00
S22,256gb,unlocked,damaged,$37.00
S22 ULTRA,128GB,locked,flawless,$159.00
S22 ULTRA,128GB,locked,good,$139.00
S22 ULTRA,128GB,locked,fair,$97.00
S22 ULTRA,128GB,locked,damaged,$37.00
S22 ULTRA,128GB,unlocked,flawless,$188.00
S22 ULTRA,128GB,unlocked,good,$166.00
S22 ULTRA,128GB,unlocked,fair,$127.00
S22 ULTRA,128GB,unlocked,damaged,$56.00
S22 ULTRA,256gb,locked,flawless,$171.00
S22 ULTRA,256gb,locked,good,$147.00
S22 ULTRA,256gb,locked,fair,$96.00
S22 ULTRA,256gb,locked,damaged,$46.00
S22 ULTRA,256gb,unlocked,flawless,$218.00
S22 ULTRA,256gb,unlocked,good,$197.00
S22 ULTRA,256gb,unlocked,fair,$148.00
S22 ULTRA,256gb,unlocked,damaged,$57.00
S22+,128GB,locked,flawless,$113.36
S22+,128GB,locked,good,$101.00
S22+,128GB,locked,fair,$64.00
S22+,128GB,locked,damaged,$31.00
S22+,128GB,unlocked,flawless,$120.59
S22+,128GB,unlocked,good,$119.00
S22+,128GB,unlocked,fair,$83.00
S22+,128GB,unlocked,damaged,$36.00
S22+,256gb,locked,flawless,$121.00
S22+,256gb,locked,good,$114.00
S22+,256gb,locked,fair,$78.00
S22+,256gb,locked,damaged,$34.00
S22+,256gb,unlocked,flawless,$147.90
S22+,256gb,unlocked,good,$133.00
S22+,256gb,unlocked,fair,$109.00
S22+,256gb,unlocked,damaged,$43.00
S23,128GB,locked,flawless,$149.81
S23,128GB,locked,good,$138.00
S23,128GB,locked,fair,$92.00
S23,128GB,locked,damaged,$52.00
S23,128GB,unlocked,flawless,$157.60
S23,128GB,unlocked,good,$158.78
S23,128GB,unlocked,fair,$107.00
S23,128GB,unlocked,damaged,$57.00
S23,256gb,locked,flawless,$178.00
S23,256gb,locked,good,$157.00
S23,256gb,locked,fair,$104.00
S23,256gb,locked,damaged,$52.00
S23,256gb,unlocked,flawless,$195.86
S23,256gb,unlocked,good,$187.00
S23,256gb,unlocked,fair,$173.00
S23,256gb,unlocked,damaged,$63.00
S23 ULTRA,256gb,locked,flawless,$288.00
S23 ULTRA,256gb,locked,good,$247.00
S23 ULTRA,256gb,locked,fair,$193.00
S23 ULTRA,256gb,locked,damaged,$123.00
S23 ULTRA,256gb,unlocked,flawless,$295.23
S23 ULTRA,256gb,unlocked,good,$295.93
S23 ULTRA,256gb,unlocked,fair,$269.00
S23 ULTRA,256gb,unlocked,damaged,$123.00
S23+,256GB,locked,flawless,$195.03
S23+,256GB,locked,good,$193.00
S23+,256GB,locked,fair,$103.00
S23+,256GB,locked,damaged,$92.00
S23+,256GB,unlocked,flawless,$202.05
S23+,256GB,unlocked,good,$203.93
S23+,256GB,unlocked,fair,$132.00
S23+,256GB,unlocked,damaged,$112.00
S23+,512GB,locked,flawless,$209.36
S23+,512GB,locked,good,$207.00
S23+,512GB,locked,fair,$122.00
S23+,512GB,locked,damaged,$97.00
S23+,512GB,unlocked,flawless,$215.90
S23+,512GB,unlocked,good,$218.26
S23+,512GB,unlocked,fair,$157.00
S23+,512GB,unlocked,damaged,$117.00
S23FE,128GB,locked,flawless,$128.38
S23FE,128GB,locked,good,$106.00
S23FE,128GB,locked,fair,$61.00
S23FE,128GB,locked,damaged,$31.00
S23FE,128GB,unlocked,flawless,$135.69
S23FE,128GB,unlocked,good,$126.00
S23FE,128GB,unlocked,fair,$98.00
S23FE,128GB,unlocked,damaged,$33.00
S23FE,256gb,locked,flawless,$143.00
S23FE,256gb,locked,good,$114.00
S23FE,256gb,locked,fair,$62.00
S23FE,256gb,locked,damaged,$36.00
S23FE,256gb,unlocked,flawless,$163.00
S23FE,256gb,unlocked,good,$142.00
S23FE,256gb,unlocked,fair,$108.00
S23FE,256gb,unlocked,damaged,$43.00
S24,128GB,locked,flawless,$210.40
S24,128GB,locked,good,$186.00
S24,128GB,locked,fair,$171.00
S24,128GB,locked,damaged,$92.00
S24,128GB,unlocked,flawless,$215.69
S24,128GB,unlocked,good,$217.91
S24,128GB,unlocked,fair,$187.00
S24,128GB,unlocked,damaged,$132.00
S24,256gb,locked,flawless,$215.00
S24,256gb,locked,good,$194.00
S24,256gb,locked,fair,$128.00
S24,256gb,locked,damaged,$103.00
S24,256gb,unlocked,flawless,$285.60
S24,256gb,unlocked,good,$267.00
S24,256gb,unlocked,fair,$218.00
S24,256gb,unlocked,damaged,$143.00
S24 FE,128GB,locked,flawless,$164.00
S24 FE,128GB,locked,good,$136.00
S24 FE,128GB,locked,fair,$92.00
S24 FE,128GB,locked,damaged,$66.00
S24 FE,128GB,unlocked,flawless,$202.89
S24 FE,128GB,unlocked,good,$194.00
S24 FE,128GB,unlocked,fair,$127.00
S24 FE,128GB,unlocked,damaged,$81.00
S24 FE,256gb,locked,flawless,$179.00
S24 FE,256gb,locked,good,$143.00
S24 FE,256gb,locked,fair,$97.00
S24 FE,256gb,locked,damaged,$67.00
S24 FE,256gb,unlocked,flawless,$217.22
S24 FE,256gb,unlocked,good,$218.00
S24 FE,256gb,unlocked,fair,$148.00
S24 FE,256gb,unlocked,damaged,$87.00
S24 ULTRA,256GB,locked,flawless,$353.00
S24 ULTRA,256GB,locked,good,$315.00
S24 ULTRA,256GB,locked,fair,$232.00
S24 ULTRA,256GB,locked,damaged,$107.00
S24 ULTRA,256GB,unlocked,flawless,$440.17
S24 ULTRA,256GB,unlocked,good,$375.00
S24 ULTRA,256GB,unlocked,fair,$332.00
S24 ULTRA,256GB,unlocked,damaged,$157.00
S24 ULTRA,512GB,locked,flawless,$398.00
S24 ULTRA,512GB,locked,good,$337.00
S24 ULTRA,512GB,locked,fair,$252.00
S24 ULTRA,512GB,locked,damaged,$122.00
S24 ULTRA,512GB,unlocked,flawless,$464.17
S24 ULTRA,512GB,unlocked,good,$421.00
S24 ULTRA,512GB,unlocked,fair,$352.00
S24 ULTRA,512GB,unlocked,damaged,$172.00
S24+,256GB,locked,flawless,$263.00
S24+,256GB,locked,good,$231.00
S24+,256GB,locked,fair,$152.00
S24+,256GB,locked,damaged,$91.00
S24+,256GB,unlocked,flawless,$298.82
S24+,256GB,unlocked,good,$301.00
S24+,256GB,unlocked,fair,$222.00
S24+,256GB,unlocked,damaged,$107.00
S24+,512GB,locked,flawless,$334.00
S24+,512GB,locked,good,$283.00
S24+,512GB,locked,fair,$217.00
S24+,512GB,locked,damaged,$101.00
S24+,512GB,unlocked,flawless,$380.17
S24+,512GB,unlocked,good,$356.00
S24+,512GB,unlocked,fair,$292.00
S24+,512GB,unlocked,damaged,$117.00
S25,128GB,locked,flawless,$299.17
S25,128GB,locked,good,$275.00
S25,128GB,locked,fair,$177.00
S25,128GB,locked,damaged,$81.00
S25,128GB,unlocked,flawless,$305.84
S25,128GB,unlocked,good,$308.00
S25,128GB,unlocked,fair,$252.00
S25,128GB,unlocked,damaged,$87.00
S25,256gb,locked,flawless,$314.00
S25,256gb,locked,good,$284.00
S25,256gb,locked,fair,$170.00
S25,256gb,locked,damaged,$92.00
S25,256gb,unlocked,flawless,$384.17
S25,256gb,unlocked,good,$353.00
S25,256gb,unlocked,fair,$283.00
S25,256gb,unlocked,damaged,$98.00
S25 EDGE,256gb,locked,flawless,$376.00
S25 EDGE,256gb,locked,good,$327.00
S25 EDGE,256gb,locked,fair,$206.00
S25 EDGE,256gb,locked,damaged,$88.00
S25 EDGE,256gb,unlocked,flawless,$408.17
S25 EDGE,256gb,unlocked,good,$408.17
S25 EDGE,256gb,unlocked,fair,$206.00
S25 EDGE,256gb,unlocked,damaged,$88.00
S25 EDGE,512GB,locked,flawless,$417.00
S25 EDGE,512GB,locked,good,$366.00
S25 EDGE,512GB,locked,fair,$277.00
S25 EDGE,512GB,locked,damaged,$92.00
S25 EDGE,512GB,unlocked,flawless,$488.17
S25 EDGE,512GB,unlocked,good,$466.00
S25 EDGE,512GB,unlocked,fair,$377.00
S25 EDGE,512GB,unlocked,damaged,$117.00
S25 ULTRA,256GB,locked,flawless,$558.00
S25 ULTRA,256GB,locked,good,$496.00
S25 ULTRA,256GB,locked,fair,$422.00
S25 ULTRA,256GB,locked,damaged,$204.00
S25 ULTRA,256GB,unlocked,flawless,$584.17
S25 ULTRA,256GB,unlocked,good,$584.17
S25 ULTRA,256GB,unlocked,fair,$521.00
S25 ULTRA,256GB,unlocked,damaged,$191.00
S25 ULTRA,512GB,locked,flawless,$587.00
S25 ULTRA,512GB,locked,good,$526.00
S25 ULTRA,512GB,locked,fair,$476.00
S25 ULTRA,512GB,locked,damaged,$224.00
S25 ULTRA,512GB,unlocked,flawless,$676.17
S25 ULTRA,512GB,unlocked,good,$640.00
S25 ULTRA,512GB,unlocked,fair,$576.00
S25 ULTRA,512GB,unlocked,damaged,$211.00
S25+,256GB,locked,flawless,$399.48
S25+,256GB,locked,good,$356.00
S25+,256GB,locked,fair,$306.00
S25+,256GB,locked,damaged,$87.00
S25+,256GB,unlocked,flawless,$408.17
S25+,256GB,unlocked,good,$408.17
S25+,256GB,unlocked,fair,$361.00
S25+,256GB,unlocked,damaged,$92.00
S25+,512GB,locked,flawless,$463.00
S25+,512GB,locked,good,$406.00
S25+,512GB,locked,fair,$342.00
S25+,512GB,locked,damaged,$97.00
S25+,512GB,unlocked,flawless,$492.17
S25+,512GB,unlocked,good,$481.00
S25+,512GB,unlocked,fair,$417.00
S25+,512GB,unlocked,damaged,$102.00
Z FLIP 4,128GB,locked,flawless,$98.00
Z FLIP 4,128GB,locked,good,$82.00
Z FLIP 4,128GB,locked,fair,$43.00
Z FLIP 4,128GB,locked,damaged,$26.00
Z FLIP 4,128GB,unlocked,flawless,$136.73
Z FLIP 4,128GB,unlocked,good,$119.00
Z FLIP 4,128GB,unlocked,fair,$79.00
Z FLIP 4,128GB,unlocked,damaged,$28.00
Z FLIP 5,256GB,locked,flawless,$193.00
Z FLIP 5,256GB,locked,good,$162.00
Z FLIP 5,256GB,locked,fair,$133.00
Z FLIP 5,256GB,locked,damaged,$37.00
Z FLIP 5,256GB,unlocked,flawless,$205.77
Z FLIP 5,256GB,unlocked,good,$207.00
Z FLIP 5,256GB,unlocked,fair,$165.00
Z FLIP 5,256GB,unlocked,damaged,$77.00
Z FLIP 6,256GB,locked,flawless,$263.00
Z FLIP 6,256GB,locked,good,$223.00
Z FLIP 6,256GB,locked,fair,$133.00
Z FLIP 6,256GB,locked,damaged,$43.00
Z FLIP 6,256GB,unlocked,flawless,$267.86
Z FLIP 6,256GB,unlocked,good,$270.71
Z FLIP 6,256GB,unlocked,fair,$233.00
Z FLIP 6,256GB,unlocked,damaged,$63.00
Z FOLD 4,256GB,locked,flawless,$258.00
Z FOLD 4,256GB,locked,good,$267.00
Z FOLD 4,256GB,locked,fair,$141.00
Z FOLD 4,256GB,locked,damaged,$47.00
Z FOLD 4,256GB,unlocked,flawless,$292.56
Z FOLD 4,256GB,unlocked,good,$272.00
Z FOLD 4,256GB,unlocked,fair,$208.00
Z FOLD 4,256GB,unlocked,damaged,$72.00
Z FOLD 5,256GB,locked,flawless,$333.22
Z FOLD 5,256GB,locked,good,$292.00
Z FOLD 5,256GB,locked,fair,$200.00
Z FOLD 5,256GB,locked,damaged,$91.00
Z FOLD 5,256GB,unlocked,flawless,$340.17
Z FOLD 5,256GB,unlocked,good,$341.36
Z FOLD 5,256GB,unlocked,fair,$304.00
Z FOLD 5,256GB,unlocked,damaged,$107.00
Z FOLD 6,256GB,locked,flawless,$428.00
Z FOLD 6,256GB,locked,good,$398.00
Z FOLD 6,256GB,locked,fair,$233.00
Z FOLD 6,256GB,locked,damaged,$143.00
Z FOLD 6,256GB,unlocked,flawless,$551.00
Z FOLD 6,256GB,unlocked,good,$479.00
Z FOLD 6,256GB,unlocked,fair,$421.00
Z FOLD 6,256GB,unlocked,damaged,$143.00