name,storage,lock_status,condition,price,amz
IPHONE 12 PRO,128GB,att,flawless,$204.00,$270.00
IPHONE 12 PRO,128GB,verizon,flawless,$204.00,$270.00
IPHONE 12 PRO,128GB,tmobile,flawless,$204.00,$270.00
IPHONE 12 PRO,128GB,att,good,$166.00,$270.00
IPHONE 12 PRO,128GB,verizon,good,$166.00,$270.00
IPHONE 12 PRO,128GB,tmobile,good,$166.00,$270.00
IPHONE 12 PRO,128GB,att,fair,$123.00,$270.00
IPHONE 12 PRO,128GB,verizon,fair,$123.00,$270.00
IPHONE 12 PRO,128GB,tmobile,fair,$123.00,$270.00
IPHONE 12 PRO,128GB,att,damaged,$56.00,$270.00
IPHONE 12 PRO,128GB,verizon,damaged,$56.00,$270.00
IPHONE 12 PRO,128GB,tmobile,damaged,$56.00,$270.00
IPHONE 12 PRO,128GB,unlocked,flawless,$214.00,$270.00
IPHONE 12 PRO,128GB,unlocked,good,$185.00,$270.00
IPHONE 12 PRO,128GB,unlocked,fair,$125.00,$270.00
IPHONE 12 PRO,128GB,unlocked,damaged,$92.00,$270.00
IPHONE 12 PRO,256GB,att,flawless,$251.00,$285.00
IPHONE 12 PRO,256GB,verizon,flawless,$251.00,$285.00
IPHONE 12 PRO,256GB,tmobile,flawless,$251.00,$285.00
IPHONE 12 PRO,256GB,att,good,$219.00,$285.00
IPHONE 12 PRO,256GB,verizon,good,$219.00,$285.00
IPHONE 12 PRO,256GB,tmobile,good,$219.00,$285.00
IPHONE 12 PRO,256GB,att,fair,$161.00,$285.00
IPHONE 12 PRO,256GB,verizon,fair,$161.00,$285.00
IPHONE 12 PRO,256GB,tmobile,fair,$161.00,$285.00
IPHONE 12 PRO,256GB,att,damaged,$91.00,$285.00
IPHONE 12 PRO,256GB,verizon,damaged,$91.00,$285.00
IPHONE 12 PRO,256GB,tmobile,damaged,$91.00,$285.00
IPHONE 12 PRO,256GB,unlocked,flawless,$260.00,$285.00
IPHONE 12 PRO,256GB,unlocked,good,$230.00,$285.00
IPHONE 12 PRO,256GB,unlocked,fair,$161.00,$285.00
IPHONE 12 PRO,256GB,unlocked,damaged,$92.00,$285.00
IPHONE 12 PRO,512GB,att,flawless,$251.00,$325.00
IPHONE 12 PRO,512GB,verizon,flawless,$251.00,$325.00
IPHONE 12 PRO,512GB,tmobile,flawless,$251.00,$325.00
IPHONE 12 PRO,512GB,att,good,$219.00,$325.00
IPHONE 12 PRO,512GB,verizon,good,$219.00,$325.00
IPHONE 12 PRO,512GB,tmobile,good,$219.00,$325.00
IPHONE 12 PRO,512GB,att,fair,$161.00,$325.00
IPHONE 12 PRO,512GB,verizon,fair,$161.00,$325.00
IPHONE 12 PRO,512GB,tmobile,fair,$161.00,$325.00
IPHONE 12 PRO,512GB,att,damaged,$91.00,$325.00
IPHONE 12 PRO,512GB,verizon,damaged,$91.00,$325.00
IPHONE 12 PRO,512GB,tmobile,damaged,$91.00,$325.00
IPHONE 12 PRO,512GB,unlocked,flawless,$260.00,$325.00
IPHONE 12 PRO,512GB,unlocked,good,$236.00,$325.00
IPHONE 12 PRO,512GB,unlocked,fair,$161.00,$325.00
IPHONE 12 PRO,512GB,unlocked,damaged,$111.00,$325.00
IPHONE 12 PRO MAX,128GB,att,flawless,$259.00,$325.00
IPHONE 12 PRO MAX,128GB,verizon,flawless,$259.00,$325.00
IPHONE 12 PRO MAX,128GB,tmobile,flawless,$259.00,$325.00
IPHONE 12 PRO MAX,128GB,att,good,$224.00,$325.00
IPHONE 12 PRO MAX,128GB,verizon,good,$224.00,$325.00
IPHONE 12 PRO MAX,128GB,tmobile,good,$224.00,$325.00
IPHONE 12 PRO MAX,128GB,att,fair,$148.00,$325.00
IPHONE 12 PRO MAX,128GB,verizon,fair,$148.00,$325.00
IPHONE 12 PRO MAX,128GB,tmobile,fair,$148.00,$325.00
IPHONE 12 PRO MAX,128GB,att,damaged,$111.00,$325.00
IPHONE 12 PRO MAX,128GB,verizon,damaged,$111.00,$325.00
IPHONE 12 PRO MAX,128GB,tmobile,damaged,$111.00,$325.00
IPHONE 12 PRO MAX,128GB,unlocked,flawless,$271.00,$325.00
IPHONE 12 PRO MAX,128GB,unlocked,good,$242.00,$325.00
IPHONE 12 PRO MAX,128GB,unlocked,fair,$166.00,$325.00
IPHONE 12 PRO MAX,128GB,unlocked,damaged,$111.00,$325.00
IPHONE 12 PRO MAX,256GB,att,flawless,$301.00,$355.00
IPHONE 12 PRO MAX,256GB,verizon,flawless,$301.00,$355.00
IPHONE 12 PRO MAX,256GB,tmobile,flawless,$301.00,$355.00
IPHONE 12 PRO MAX,256GB,att,good,$241.00,$355.00
IPHONE 12 PRO MAX,256GB,verizon,good,$241.00,$355.00
IPHONE 12 PRO MAX,256GB,tmobile,good,$241.00,$355.00
IPHONE 12 PRO MAX,256GB,att,fair,$166.00,$355.00
IPHONE 12 PRO MAX,256GB,verizon,fair,$166.00,$355.00
IPHONE 12 PRO MAX,256GB,tmobile,fair,$166.00,$355.00
IPHONE 12 PRO MAX,256GB,att,damaged,$111.00,$355.00
IPHONE 12 PRO MAX,256GB,verizon,damaged,$111.00,$355.00
IPHONE 12 PRO MAX,256GB,tmobile,damaged,$111.00,$355.00
IPHONE 12 PRO MAX,256GB,unlocked,flawless,$294.00,$355.00
IPHONE 12 PRO MAX,256GB,unlocked,good,$265.00,$355.00
IPHONE 12 PRO MAX,256GB,unlocked,fair,$186.00,$355.00
IPHONE 12 PRO MAX,256GB,unlocked,damaged,$121.00,$355.00
IPHONE 12 PRO MAX,512GB,att,flawless,$320.00,$365.00
IPHONE 12 PRO MAX,512GB,verizon,flawless,$320.00,$365.00
IPHONE 12 PRO MAX,512GB,tmobile,flawless,$320.00,$365.00
IPHONE 12 PRO MAX,512GB,att,good,$273.00,$365.00
IPHONE 12 PRO MAX,512GB,verizon,good,$273.00,$365.00
IPHONE 12 PRO MAX,512GB,tmobile,good,$273.00,$365.00
IPHONE 12 PRO MAX,512GB,att,fair,$181.00,$365.00
IPHONE 12 PRO MAX,512GB,verizon,fair,$181.00,$365.00
IPHONE 12 PRO MAX,512GB,tmobile,fair,$181.00,$365.00
IPHONE 12 PRO MAX,512GB,att,damaged,$111.00,$365.00
IPHONE 12 PRO MAX,512GB,verizon,damaged,$111.00,$365.00
IPHONE 12 PRO MAX,512GB,tmobile,damaged,$111.00,$365.00
IPHONE 12 PRO MAX,512GB,unlocked,flawless,$312.00,$365.00
IPHONE 12 PRO MAX,512GB,unlocked,good,$287.00,$365.00
IPHONE 12 PRO MAX,512GB,unlocked,fair,$201.00,$365.00
IPHONE 12 PRO MAX,512GB,unlocked,damaged,$141.00,$365.00
IPHONE 13,128GB,att,flawless,$232.00,$285.00
IPHONE 13,128GB,verizon,flawless,$232.00,$285.00
IPHONE 13,128GB,tmobile,flawless,$232.00,$285.00
IPHONE 13,128GB,att,good,$185.00,$285.00
IPHONE 13,128GB,verizon,good,$185.00,$285.00
IPHONE 13,128GB,tmobile,good,$185.00,$285.00
IPHONE 13,128GB,att,fair,$111.00,$285.00
IPHONE 13,128GB,verizon,fair,$111.00,$285.00
IPHONE 13,128GB,tmobile,fair,$111.00,$285.00
IPHONE 13,128GB,att,damaged,$57.00,$285.00
IPHONE 13,128GB,verizon,damaged,$57.00,$285.00
IPHONE 13,128GB,tmobile,damaged,$57.00,$285.00
IPHONE 13,128GB,unlocked,flawless,$235.00,$285.00
IPHONE 13,128GB,unlocked,good,$203.00,$285.00
IPHONE 13,128GB,unlocked,fair,$122.00,$285.00
IPHONE 13,128GB,unlocked,damaged,$72.00,$285.00
IPHONE 13,256GB,att,flawless,$301.00,$310.00
IPHONE 13,256GB,verizon,flawless,$301.00,$310.00
IPHONE 13,256GB,tmobile,flawless,$301.00,$310.00
IPHONE 13,256GB,att,good,$255.00,$310.00
IPHONE 13,256GB,verizon,good,$255.00,$310.00
IPHONE 13,256GB,tmobile,good,$255.00,$310.00
IPHONE 13,256GB,att,fair,$155.00,$310.00
IPHONE 13,256GB,verizon,fair,$155.00,$310.00
IPHONE 13,256GB,tmobile,fair,$155.00,$310.00
IPHONE 13,256GB,att,damaged,$62.00,$310.00
IPHONE 13,256GB,verizon,damaged,$62.00,$310.00
IPHONE 13,256GB,tmobile,damaged,$62.00,$310.00
IPHONE 13,256GB,unlocked,flawless,$476.00,$310.00
IPHONE 13,256GB,unlocked,good,$445.00,$310.00
IPHONE 13,256GB,unlocked,fair,$356.00,$310.00
IPHONE 13,256GB,unlocked,damaged,$155.00,$310.00
IPHONE 13,512GB,att,flawless,$336.00,$360.00
IPHONE 13,512GB,verizon,flawless,$336.00,$360.00
IPHONE 13,512GB,tmobile,flawless,$336.00,$360.00
IPHONE 13,512GB,att,good,$285.00,$360.00
IPHONE 13,512GB,verizon,good,$285.00,$360.00
IPHONE 13,512GB,tmobile,good,$285.00,$360.00
IPHONE 13,512GB,att,fair,$172.00,$360.00
IPHONE 13,512GB,verizon,fair,$172.00,$360.00
IPHONE 13,512GB,tmobile,fair,$172.00,$360.00
IPHONE 13,512GB,att,damaged,$82.00,$360.00
IPHONE 13,512GB,verizon,damaged,$82.00,$360.00
IPHONE 13,512GB,tmobile,damaged,$82.00,$360.00
IPHONE 13,512GB,unlocked,flawless,$516.00,$360.00
IPHONE 13,512GB,unlocked,good,$485.00,$360.00
IPHONE 13,512GB,unlocked,fair,$391.00,$360.00
IPHONE 13,512GB,unlocked,damaged,$170.00,$360.00
IPHONE 13 MINI,128GB,att,flawless,$158.00,$235.00
IPHONE 13 MINI,128GB,verizon,flawless,$158.00,$235.00
IPHONE 13 MINI,128GB,tmobile,flawless,$158.00,$235.00
IPHONE 13 MINI,128GB,att,good,$135.00,$235.00
IPHONE 13 MINI,128GB,verizon,good,$135.00,$235.00
IPHONE 13 MINI,128GB,tmobile,good,$135.00,$235.00
IPHONE 13 MINI,128GB,att,fair,$82.00,$235.00
IPHONE 13 MINI,128GB,verizon,fair,$82.00,$235.00
IPHONE 13 MINI,128GB,tmobile,fair,$82.00,$235.00
IPHONE 13 MINI,128GB,att,damaged,$56.00,$235.00
IPHONE 13 MINI,128GB,verizon,damaged,$56.00,$235.00
IPHONE 13 MINI,128GB,tmobile,damaged,$56.00,$235.00
IPHONE 13 MINI,128GB,unlocked,flawless,$188.00,$235.00
IPHONE 13 MINI,128GB,unlocked,good,$167.00,$235.00
IPHONE 13 MINI,128GB,unlocked,fair,$106.00,$235.00
IPHONE 13 MINI,128GB,unlocked,damaged,$57.00,$235.00
IPHONE 13 MINI,256GB,att,flawless,$190.00,$285.00
IPHONE 13 MINI,256GB,verizon,flawless,$190.00,$285.00
IPHONE 13 MINI,256GB,tmobile,flawless,$190.00,$285.00
IPHONE 13 MINI,256GB,att,good,$167.00,$285.00
IPHONE 13 MINI,256GB,verizon,good,$167.00,$285.00
IPHONE 13 MINI,256GB,tmobile,good,$167.00,$285.00
IPHONE 13 MINI,256GB,att,fair,$106.00,$285.00
IPHONE 13 MINI,256GB,verizon,fair,$106.00,$285.00
IPHONE 13 MINI,256GB,tmobile,fair,$106.00,$285.00
IPHONE 13 MINI,256GB,att,damaged,$76.00,$285.00
IPHONE 13 MINI,256GB,verizon,damaged,$76.00,$285.00
IPHONE 13 MINI,256GB,tmobile,damaged,$76.00,$285.00
IPHONE 13 MINI,256GB,unlocked,flawless,$220.00,$285.00
IPHONE 13 MINI,256GB,unlocked,good,$199.00,$285.00
IPHONE 13 MINI,256GB,unlocked,fair,$146.00,$285.00
IPHONE 13 MINI,256GB,unlocked,damaged,$77.00,$285.00
IPHONE 13 MINI,512GB,att,flawless,$212.00,$365.00
IPHONE 13 MINI,512GB,verizon,flawless,$212.00,$365.00
IPHONE 13 MINI,512GB,tmobile,flawless,$212.00,$365.00
IPHONE 13 MINI,512GB,att,good,$188.00,$365.00
IPHONE 13 MINI,512GB,verizon,good,$188.00,$365.00
IPHONE 13 MINI,512GB,tmobile,good,$188.00,$365.00
IPHONE 13 MINI,512GB,att,fair,$121.00,$365.00
IPHONE 13 MINI,512GB,verizon,fair,$121.00,$365.00
IPHONE 13 MINI,512GB,tmobile,fair,$121.00,$365.00
IPHONE 13 MINI,512GB,att,damaged,$96.00,$365.00
IPHONE 13 MINI,512GB,verizon,damaged,$96.00,$365.00
IPHONE 13 MINI,512GB,tmobile,damaged,$96.00,$365.00
IPHONE 13 MINI,512GB,unlocked,flawless,$242.00,$365.00
IPHONE 13 MINI,512GB,unlocked,good,$220.00,$365.00
IPHONE 13 MINI,512GB,unlocked,fair,$161.00,$365.00
IPHONE 13 MINI,512GB,unlocked,damaged,$72.00,$365.00
IPHONE 13 PRO,128GB,att,flawless,$383.00,$365.00
IPHONE 13 PRO,128GB,verizon,flawless,$383.00,$365.00
IPHONE 13 PRO,128GB,tmobile,flawless,$383.00,$365.00
IPHONE 13 PRO,128GB,att,good,$310.00,$365.00
IPHONE 13 PRO,128GB,verizon,good,$310.00,$365.00
IPHONE 13 PRO,128GB,tmobile,good,$310.00,$365.00
IPHONE 13 PRO,128GB,att,fair,$201.00,$365.00
IPHONE 13 PRO,128GB,verizon,fair,$201.00,$365.00
IPHONE 13 PRO,128GB,tmobile,fair,$201.00,$365.00
IPHONE 13 PRO,128GB,att,damaged,$132.00,$365.00
IPHONE 13 PRO,128GB,verizon,damaged,$132.00,$365.00
IPHONE 13 PRO,128GB,tmobile,damaged,$132.00,$365.00
IPHONE 13 PRO,128GB,unlocked,flawless,$401.00,$365.00
IPHONE 13 PRO,128GB,unlocked,good,$367.00,$365.00
IPHONE 13 PRO,128GB,unlocked,fair,$226.00,$365.00
IPHONE 13 PRO,128GB,unlocked,damaged,$181.00,$365.00
IPHONE 13 PRO,1TB,att,flawless,$302.00,$190.00
IPHONE 13 PRO,1TB,verizon,flawless,$302.00,$190.00
IPHONE 13 PRO,1TB,tmobile,flawless,$302.00,$190.00
IPHONE 13 PRO,1TB,att,good,$246.00,$190.00
IPHONE 13 PRO,1TB,verizon,good,$246.00,$190.00
IPHONE 13 PRO,1TB,tmobile,good,$246.00,$190.00
IPHONE 13 PRO,1TB,att,fair,$160.00,$190.00
IPHONE 13 PRO,1TB,verizon,fair,$160.00,$190.00
IPHONE 13 PRO,1TB,tmobile,fair,$160.00,$190.00
IPHONE 13 PRO,1TB,att,damaged,$131.00,$190.00
IPHONE 13 PRO,1TB,verizon,damaged,$131.00,$190.00
IPHONE 13 PRO,1TB,tmobile,damaged,$131.00,$190.00
IPHONE 13 PRO,1TB,unlocked,flawless,$326.00,$490.00
IPHONE 13 PRO,1TB,unlocked,good,$279.00,$490.00
IPHONE 13 PRO,1TB,unlocked,fair,$169.00,$490.00
IPHONE 13 PRO,1TB,unlocked,damaged,$132.00,$490.00
IPHONE 13 PRO,256GB,att,flawless,$344.00,$380.00
IPHONE 13 PRO,256GB,verizon,flawless,$344.00,$380.00
IPHONE 13 PRO,256GB,tmobile,flawless,$344.00,$380.00
IPHONE 13 PRO,256GB,att,good,$295.00,$380.00
IPHONE 13 PRO,256GB,verizon,good,$295.00,$380.00
IPHONE 13 PRO,256GB,tmobile,good,$295.00,$380.00
IPHONE 13 PRO,256GB,att,fair,$178.00,$380.00
IPHONE 13 PRO,256GB,verizon,fair,$178.00,$380.00
IPHONE 13 PRO,256GB,tmobile,fair,$178.00,$380.00
IPHONE 13 PRO,256GB,att,damaged,$131.00,$380.00
IPHONE 13 PRO,256GB,verizon,damaged,$131.00,$380.00
IPHONE 13 PRO,256GB,tmobile,damaged,$131.00,$380.00
IPHONE 13 PRO,256GB,unlocked,flawless,$341.00,$380.00
IPHONE 13 PRO,256GB,unlocked,good,$311.00,$380.00
IPHONE 13 PRO,256GB,unlocked,fair,$191.00,$380.00
IPHONE 13 PRO,256GB,unlocked,damaged,$132.00,$380.00
IPHONE 13 PRO,512GB,att,flawless,$366.00,$453.00
IPHONE 13 PRO,512GB,verizon,flawless,$366.00,$453.00
IPHONE 13 PRO,512GB,tmobile,flawless,$366.00,$453.00
IPHONE 13 PRO,512GB,att,good,$295.00,$453.00
IPHONE 13 PRO,512GB,verizon,good,$295.00,$453.00
IPHONE 13 PRO,512GB,tmobile,good,$295.00,$453.00
IPHONE 13 PRO,512GB,att,fair,$186.00,$453.00
IPHONE 13 PRO,512GB,verizon,fair,$186.00,$453.00
IPHONE 13 PRO,512GB,tmobile,fair,$186.00,$453.00
IPHONE 13 PRO,512GB,att,damaged,$131.00,$453.00
IPHONE 13 PRO,512GB,verizon,damaged,$131.00,$453.00
IPHONE 13 PRO,512GB,tmobile,damaged,$131.00,$453.00
IPHONE 13 PRO,512GB,unlocked,flawless,$363.00,$453.00
IPHONE 13 PRO,512GB,unlocked,good,$321.00,$453.00
IPHONE 13 PRO,512GB,unlocked,fair,$211.00,$453.00
IPHONE 13 PRO,512GB,unlocked,damaged,$152.00,$453.00
IPHONE 13 PRO MAX,128GB,att,flawless,$417.00,$405.00
IPHONE 13 PRO MAX,128GB,verizon,flawless,$417.00,$405.00
IPHONE 13 PRO MAX,128GB,tmobile,flawless,$417.00,$405.00
IPHONE 13 PRO MAX,128GB,att,good,$390.00,$405.00
IPHONE 13 PRO MAX,128GB,verizon,good,$390.00,$405.00
IPHONE 13 PRO MAX,128GB,tmobile,good,$390.00,$405.00
IPHONE 13 PRO MAX,128GB,att,fair,$281.00,$405.00
IPHONE 13 PRO MAX,128GB,verizon,fair,$281.00,$405.00
IPHONE 13 PRO MAX,128GB,tmobile,fair,$281.00,$405.00
IPHONE 13 PRO MAX,128GB,att,damaged,$294.00,$405.00
IPHONE 13 PRO MAX,128GB,verizon,damaged,$294.00,$405.00
IPHONE 13 PRO MAX,128GB,tmobile,damaged,$294.00,$405.00
IPHONE 13 PRO MAX,128GB,unlocked,flawless,$417.00,$405.00
IPHONE 13 PRO MAX,128GB,unlocked,good,$390.00,$405.00
IPHONE 13 PRO MAX,128GB,unlocked,fair,$281.00,$405.00
IPHONE 13 PRO MAX,128GB,unlocked,damaged,$231.00,$405.00
IPHONE 13 PRO MAX,1TB,att,flawless,$342.00,$570.00
IPHONE 13 PRO MAX,1TB,verizon,flawless,$342.00,$570.00
IPHONE 13 PRO MAX,1TB,tmobile,flawless,$342.00,$570.00
IPHONE 13 PRO MAX,1TB,att,good,$315.00,$570.00
IPHONE 13 PRO MAX,1TB,verizon,good,$315.00,$570.00
IPHONE 13 PRO MAX,1TB,tmobile,good,$315.00,$570.00
IPHONE 13 PRO MAX,1TB,att,fair,$206.00,$570.00
IPHONE 13 PRO MAX,1TB,verizon,fair,$206.00,$570.00
IPHONE 13 PRO MAX,1TB,tmobile,fair,$206.00,$570.00
IPHONE 13 PRO MAX,1TB,att,damaged,$136.00,$570.00
IPHONE 13 PRO MAX,1TB,verizon,damaged,$136.00,$570.00
IPHONE 13 PRO MAX,1TB,tmobile,damaged,$136.00,$570.00
IPHONE 13 PRO MAX,1TB,unlocked,flawless,$342.00,$570.00
IPHONE 13 PRO MAX,1TB,unlocked,good,$315.00,$570.00
IPHONE 13 PRO MAX,1TB,unlocked,fair,$206.00,$570.00
IPHONE 13 PRO MAX,1TB,unlocked,damaged,$151.00,$570.00
IPHONE 13 PRO MAX,256GB,att,flawless,$382.00,$445.00
IPHONE 13 PRO MAX,256GB,verizon,flawless,$382.00,$445.00
IPHONE 13 PRO MAX,256GB,tmobile,flawless,$382.00,$445.00
IPHONE 13 PRO MAX,256GB,att,good,$355.00,$445.00
IPHONE 13 PRO MAX,256GB,verizon,good,$355.00,$445.00
IPHONE 13 PRO MAX,256GB,tmobile,good,$355.00,$445.00
IPHONE 13 PRO MAX,256GB,att,fair,$246.00,$445.00
IPHONE 13 PRO MAX,256GB,verizon,fair,$246.00,$445.00
IPHONE 13 PRO MAX,256GB,tmobile,fair,$246.00,$445.00
IPHONE 13 PRO MAX,256GB,att,damaged,$139.00,$445.00
IPHONE 13 PRO MAX,256GB,verizon,damaged,$139.00,$445.00
IPHONE 13 PRO MAX,256GB,tmobile,damaged,$139.00,$445.00
IPHONE 13 PRO MAX,256GB,unlocked,flawless,$382.00,$445.00
IPHONE 13 PRO MAX,256GB,unlocked,good,$355.00,$445.00
IPHONE 13 PRO MAX,256GB,unlocked,fair,$246.00,$445.00
IPHONE 13 PRO MAX,256GB,unlocked,damaged,$181.00,$445.00
IPHONE 13 PRO MAX,512GB,att,flawless,$392.00,$490.00
IPHONE 13 PRO MAX,512GB,verizon,flawless,$392.00,$490.00
IPHONE 13 PRO MAX,512GB,tmobile,flawless,$392.00,$490.00
IPHONE 13 PRO MAX,512GB,att,good,$365.00,$490.00
IPHONE 13 PRO MAX,512GB,verizon,good,$365.00,$490.00
IPHONE 13 PRO MAX,512GB,tmobile,good,$365.00,$490.00
IPHONE 13 PRO MAX,512GB,att,fair,$256.00,$490.00
IPHONE 13 PRO MAX,512GB,verizon,fair,$256.00,$490.00
IPHONE 13 PRO MAX,512GB,tmobile,fair,$256.00,$490.00
IPHONE 13 PRO MAX,512GB,att,damaged,$186.00,$490.00
IPHONE 13 PRO MAX,512GB,verizon,damaged,$186.00,$490.00
IPHONE 13 PRO MAX,512GB,tmobile,damaged,$186.00,$490.00
IPHONE 13 PRO MAX,512GB,unlocked,flawless,$392.00,$490.00
IPHONE 13 PRO MAX,512GB,unlocked,good,$365.00,$490.00
IPHONE 13 PRO MAX,512GB,unlocked,fair,$256.00,$490.00
IPHONE 13 PRO MAX,512GB,unlocked,damaged,$201.00,$490.00
IPHONE 14,128GB,att,flawless,$192.00,$310.00
IPHONE 14,128GB,verizon,flawless,$192.00,$310.00
IPHONE 14,128GB,tmobile,flawless,$192.00,$310.00
IPHONE 14,128GB,att,good,$164.00,$310.00
IPHONE 14,128GB,verizon,good,$164.00,$310.00
IPHONE 14,128GB,tmobile,good,$164.00,$310.00
IPHONE 14,128GB,att,fair,$119.00,$310.00
IPHONE 14,128GB,verizon,fair,$119.00,$310.00
IPHONE 14,128GB,tmobile,fair,$119.00,$310.00
IPHONE 14,128GB,att,damaged,$72.00,$310.00
IPHONE 14,128GB,verizon,damaged,$72.00,$310.00
IPHONE 14,128GB,tmobile,damaged,$72.00,$310.00
IPHONE 14,128GB,unlocked,flawless,$212.00,$310.00
IPHONE 14,128GB,unlocked,good,$198.00,$310.00
IPHONE 14,128GB,unlocked,fair,$148.00,$310.00
IPHONE 14,128GB,unlocked,damaged,$87.00,$310.00
IPHONE 14,256GB,att,flawless,$212.00,$350.00
IPHONE 14,256GB,verizon,flawless,$212.00,$350.00
IPHONE 14,256GB,tmobile,flawless,$212.00,$350.00
IPHONE 14,256GB,att,good,$183.00,$350.00
IPHONE 14,256GB,verizon,good,$183.00,$350.00
IPHONE 14,256GB,tmobile,good,$183.00,$350.00
IPHONE 14,256GB,att,fair,$125.00,$350.00
IPHONE 14,256GB,verizon,fair,$125.00,$350.00
IPHONE 14,256GB,tmobile,fair,$125.00,$350.00
IPHONE 14,256GB,att,damaged,$107.00,$350.00
IPHONE 14,256GB,verizon,damaged,$107.00,$350.00
IPHONE 14,256GB,tmobile,damaged,$107.00,$350.00
IPHONE 14,256GB,unlocked,flawless,$264.00,$350.00
IPHONE 14,256GB,unlocked,good,$230.00,$350.00
IPHONE 14,256GB,unlocked,fair,$176.00,$350.00
IPHONE 14,256GB,unlocked,damaged,$112.00,$350.00
IPHONE 14,512GB,att,flawless,$261.00,$388.00
IPHONE 14,512GB,verizon,flawless,$261.00,$388.00
IPHONE 14,512GB,tmobile,flawless,$261.00,$388.00
IPHONE 14,512GB,att,good,$241.00,$388.00
IPHONE 14,512GB,verizon,good,$241.00,$388.00
IPHONE 14,512GB,tmobile,good,$241.00,$388.00
IPHONE 14,512GB,att,fair,$176.00,$388.00
IPHONE 14,512GB,verizon,fair,$176.00,$388.00
IPHONE 14,512GB,tmobile,fair,$176.00,$388.00
IPHONE 14,512GB,att,damaged,$112.00,$388.00
IPHONE 14,512GB,verizon,damaged,$112.00,$388.00
IPHONE 14,512GB,tmobile,damaged,$112.00,$388.00
IPHONE 14,512GB,unlocked,flawless,$330.00,$388.00
IPHONE 14,512GB,unlocked,good,$278.00,$388.00
IPHONE 14,512GB,unlocked,fair,$196.00,$388.00
IPHONE 14,512GB,unlocked,damaged,$122.00,$388.00
IPHONE 14 PLUS,128GB,att,flawless,$251.00,$330.00
IPHONE 14 PLUS,128GB,verizon,flawless,$251.00,$330.00
IPHONE 14 PLUS,128GB,tmobile,flawless,$251.00,$330.00
IPHONE 14 PLUS,128GB,att,good,$210.00,$330.00
IPHONE 14 PLUS,128GB,verizon,good,$210.00,$330.00
IPHONE 14 PLUS,128GB,tmobile,good,$210.00,$330.00
IPHONE 14 PLUS,128GB,att,fair,$151.00,$330.00
IPHONE 14 PLUS,128GB,verizon,fair,$151.00,$330.00
IPHONE 14 PLUS,128GB,tmobile,fair,$151.00,$330.00
IPHONE 14 PLUS,128GB,att,damaged,$138.00,$330.00
IPHONE 14 PLUS,128GB,verizon,damaged,$138.00,$330.00
IPHONE 14 PLUS,128GB,tmobile,damaged,$138.00,$330.00
IPHONE 14 PLUS,128GB,unlocked,flawless,$290.00,$330.00
IPHONE 14 PLUS,128GB,unlocked,good,$247.00,$330.00
IPHONE 14 PLUS,128GB,unlocked,fair,$186.00,$330.00
IPHONE 14 PLUS,128GB,unlocked,damaged,$127.00,$330.00
IPHONE 14 PLUS,256GB,att,flawless,$288.00,$365.00
IPHONE 14 PLUS,256GB,verizon,flawless,$288.00,$365.00
IPHONE 14 PLUS,256GB,tmobile,flawless,$288.00,$365.00
IPHONE 14 PLUS,256GB,att,good,$247.00,$365.00
IPHONE 14 PLUS,256GB,verizon,good,$247.00,$365.00
IPHONE 14 PLUS,256GB,tmobile,good,$247.00,$365.00
IPHONE 14 PLUS,256GB,att,fair,$176.00,$365.00
IPHONE 14 PLUS,256GB,verizon,fair,$176.00,$365.00
IPHONE 14 PLUS,256GB,tmobile,fair,$176.00,$365.00
IPHONE 14 PLUS,256GB,att,damaged,$149.00,$365.00
IPHONE 14 PLUS,256GB,verizon,damaged,$149.00,$365.00
IPHONE 14 PLUS,256GB,tmobile,damaged,$149.00,$365.00
IPHONE 14 PLUS,256GB,unlocked,flawless,$321.00,$365.00
IPHONE 14 PLUS,256GB,unlocked,good,$279.00,$365.00
IPHONE 14 PLUS,256GB,unlocked,fair,$211.00,$365.00
IPHONE 14 PLUS,256GB,unlocked,damaged,$147.00,$365.00
IPHONE 14 PLUS,512GB,att,flawless,$330.00,$405.00
IPHONE 14 PLUS,512GB,verizon,flawless,$330.00,$405.00
IPHONE 14 PLUS,512GB,tmobile,flawless,$330.00,$405.00
IPHONE 14 PLUS,512GB,att,good,$290.00,$405.00
IPHONE 14 PLUS,512GB,verizon,good,$290.00,$405.00
IPHONE 14 PLUS,512GB,tmobile,good,$290.00,$405.00
IPHONE 14 PLUS,512GB,att,fair,$211.00,$405.00
IPHONE 14 PLUS,512GB,verizon,fair,$211.00,$405.00
IPHONE 14 PLUS,512GB,tmobile,fair,$211.00,$405.00
IPHONE 14 PLUS,512GB,att,damaged,$159.00,$405.00
IPHONE 14 PLUS,512GB,verizon,damaged,$159.00,$405.00
IPHONE 14 PLUS,512GB,tmobile,damaged,$159.00,$405.00
IPHONE 14 PLUS,512GB,unlocked,flawless,$341.00,$405.00
IPHONE 14 PLUS,512GB,unlocked,good,$311.00,$405.00
IPHONE 14 PLUS,512GB,unlocked,fair,$231.00,$405.00
IPHONE 14 PLUS,512GB,unlocked,damaged,$152.00,$405.00
IPHONE 14 PRO,128GB,att,flawless,$392.00,$420.00
IPHONE 14 PRO,128GB,verizon,flawless,$392.00,$420.00
IPHONE 14 PRO,128GB,tmobile,flawless,$392.00,$420.00
IPHONE 14 PRO,128GB,att,good,$361.00,$420.00
IPHONE 14 PRO,128GB,verizon,good,$361.00,$420.00
IPHONE 14 PRO,128GB,tmobile,good,$361.00,$420.00
IPHONE 14 PRO,128GB,att,fair,$236.00,$420.00
IPHONE 14 PRO,128GB,verizon,fair,$236.00,$420.00
IPHONE 14 PRO,128GB,tmobile,fair,$236.00,$420.00
IPHONE 14 PRO,128GB,att,damaged,$216.00,$420.00
IPHONE 14 PRO,128GB,verizon,damaged,$216.00,$420.00
IPHONE 14 PRO,128GB,tmobile,damaged,$216.00,$420.00
IPHONE 14 PRO,128GB,unlocked,flawless,$451.00,$420.00
IPHONE 14 PRO,128GB,unlocked,good,$421.00,$420.00
IPHONE 14 PRO,128GB,unlocked,fair,$315.00,$420.00
IPHONE 14 PRO,128GB,unlocked,damaged,$242.00,$420.00
IPHONE 14 PRO,1TB,att,flawless,$301.00,$530.00
IPHONE 14 PRO,1TB,verizon,flawless,$301.00,$530.00
IPHONE 14 PRO,1TB,tmobile,flawless,$301.00,$530.00
IPHONE 14 PRO,1TB,att,good,$279.00,$530.00
IPHONE 14 PRO,1TB,verizon,good,$279.00,$530.00
IPHONE 14 PRO,1TB,tmobile,good,$279.00,$530.00
IPHONE 14 PRO,1TB,att,fair,$177.00,$530.00
IPHONE 14 PRO,1TB,verizon,fair,$177.00,$530.00
IPHONE 14 PRO,1TB,tmobile,fair,$177.00,$530.00
IPHONE 14 PRO,1TB,att,damaged,$161.00,$530.00
IPHONE 14 PRO,1TB,verizon,damaged,$161.00,$530.00
IPHONE 14 PRO,1TB,tmobile,damaged,$161.00,$530.00
IPHONE 14 PRO,1TB,unlocked,flawless,$361.00,$530.00
IPHONE 14 PRO,1TB,unlocked,good,$336.00,$530.00
IPHONE 14 PRO,1TB,unlocked,fair,$226.00,$530.00
IPHONE 14 PRO,1TB,unlocked,damaged,$172.00,$530.00
IPHONE 14 PRO,256GB,att,flawless,$337.00,$445.00
IPHONE 14 PRO,256GB,verizon,flawless,$337.00,$445.00
IPHONE 14 PRO,256GB,tmobile,flawless,$337.00,$445.00
IPHONE 14 PRO,256GB,att,good,$321.00,$445.00
IPHONE 14 PRO,256GB,verizon,good,$321.00,$445.00
IPHONE 14 PRO,256GB,tmobile,good,$321.00,$445.00
IPHONE 14 PRO,256GB,att,fair,$200.00,$445.00
IPHONE 14 PRO,256GB,verizon,fair,$200.00,$445.00
IPHONE 14 PRO,256GB,tmobile,fair,$200.00,$445.00
IPHONE 14 PRO,256GB,att,damaged,$186.00,$445.00
IPHONE 14 PRO,256GB,verizon,damaged,$186.00,$445.00
IPHONE 14 PRO,256GB,tmobile,damaged,$186.00,$445.00
IPHONE 14 PRO,256GB,unlocked,flawless,$391.00,$445.00
IPHONE 14 PRO,256GB,unlocked,good,$361.00,$445.00
IPHONE 14 PRO,256GB,unlocked,fair,$256.00,$445.00
IPHONE 14 PRO,256GB,unlocked,damaged,$192.00,$445.00
IPHONE 14 PRO,512GB,att,flawless,$357.00,$475.00
IPHONE 14 PRO,512GB,verizon,flawless,$357.00,$475.00
IPHONE 14 PRO,512GB,tmobile,flawless,$357.00,$475.00
IPHONE 14 PRO,512GB,att,good,$341.00,$475.00
IPHONE 14 PRO,512GB,verizon,good,$341.00,$475.00
IPHONE 14 PRO,512GB,tmobile,good,$341.00,$475.00
IPHONE 14 PRO,512GB,att,fair,$216.00,$475.00
IPHONE 14 PRO,512GB,verizon,fair,$216.00,$475.00
IPHONE 14 PRO,512GB,tmobile,fair,$216.00,$475.00
IPHONE 14 PRO,512GB,att,damaged,$196.00,$475.00
IPHONE 14 PRO,512GB,verizon,damaged,$196.00,$475.00
IPHONE 14 PRO,512GB,tmobile,damaged,$196.00,$475.00
IPHONE 14 PRO,512GB,unlocked,flawless,$421.00,$475.00
IPHONE 14 PRO,512GB,unlocked,good,$399.00,$475.00
IPHONE 14 PRO,512GB,unlocked,fair,$296.00,$475.00
IPHONE 14 PRO,512GB,unlocked,damaged,$232.00,$475.00
IPHONE 14 PRO MAX,128GB,att,flawless,$437.00,$490.00
IPHONE 14 PRO MAX,128GB,verizon,flawless,$437.00,$490.00
IPHONE 14 PRO MAX,128GB,tmobile,flawless,$437.00,$490.00
IPHONE 14 PRO MAX,128GB,att,good,$397.00,$490.00
IPHONE 14 PRO MAX,128GB,verizon,good,$397.00,$490.00
IPHONE 14 PRO MAX,128GB,tmobile,good,$397.00,$490.00
IPHONE 14 PRO MAX,128GB,att,fair,$301.00,$490.00
IPHONE 14 PRO MAX,128GB,verizon,fair,$301.00,$490.00
IPHONE 14 PRO MAX,128GB,tmobile,fair,$301.00,$490.00
IPHONE 14 PRO MAX,128GB,att,damaged,$253.00,$490.00
IPHONE 14 PRO MAX,128GB,verizon,damaged,$253.00,$490.00
IPHONE 14 PRO MAX,128GB,tmobile,damaged,$253.00,$490.00
IPHONE 14 PRO MAX,128GB,unlocked,flawless,$501.00,$490.00
IPHONE 14 PRO MAX,128GB,unlocked,good,$471.00,$490.00
IPHONE 14 PRO MAX,128GB,unlocked,fair,$385.00,$490.00
IPHONE 14 PRO MAX,128GB,unlocked,damaged,$282.00,$490.00
IPHONE 14 PRO MAX,1TB,att,flawless,$338.00,$580.00
IPHONE 14 PRO MAX,1TB,verizon,flawless,$338.00,$580.00
IPHONE 14 PRO MAX,1TB,tmobile,flawless,$338.00,$580.00
IPHONE 14 PRO MAX,1TB,att,good,$306.00,$580.00
IPHONE 14 PRO MAX,1TB,verizon,good,$306.00,$580.00
IPHONE 14 PRO MAX,1TB,tmobile,good,$306.00,$580.00
IPHONE 14 PRO MAX,1TB,att,fair,$221.00,$580.00
IPHONE 14 PRO MAX,1TB,verizon,fair,$221.00,$580.00
IPHONE 14 PRO MAX,1TB,tmobile,fair,$221.00,$580.00
IPHONE 14 PRO MAX,1TB,att,damaged,$184.00,$580.00
IPHONE 14 PRO MAX,1TB,verizon,damaged,$184.00,$580.00
IPHONE 14 PRO MAX,1TB,tmobile,damaged,$184.00,$580.00
IPHONE 14 PRO MAX,1TB,unlocked,flawless,$421.00,$580.00
IPHONE 14 PRO MAX,1TB,unlocked,good,$391.00,$580.00
IPHONE 14 PRO MAX,1TB,unlocked,fair,$305.00,$580.00
IPHONE 14 PRO MAX,1TB,unlocked,damaged,$242.00,$580.00
IPHONE 14 PRO MAX,256GB,att,flawless,$373.00,$500.00
IPHONE 14 PRO MAX,256GB,verizon,flawless,$373.00,$500.00
IPHONE 14 PRO MAX,256GB,tmobile,flawless,$373.00,$500.00
IPHONE 14 PRO MAX,256GB,att,good,$336.00,$500.00
IPHONE 14 PRO MAX,256GB,verizon,good,$336.00,$500.00
IPHONE 14 PRO MAX,256GB,tmobile,good,$336.00,$500.00
IPHONE 14 PRO MAX,256GB,att,fair,$256.00,$500.00
IPHONE 14 PRO MAX,256GB,verizon,fair,$256.00,$500.00
IPHONE 14 PRO MAX,256GB,tmobile,fair,$256.00,$500.00
IPHONE 14 PRO MAX,256GB,att,damaged,$204.00,$500.00
IPHONE 14 PRO MAX,256GB,verizon,damaged,$204.00,$500.00
IPHONE 14 PRO MAX,256GB,tmobile,damaged,$204.00,$500.00
IPHONE 14 PRO MAX,256GB,unlocked,flawless,$451.00,$500.00
IPHONE 14 PRO MAX,256GB,unlocked,good,$421.00,$500.00
IPHONE 14 PRO MAX,256GB,unlocked,fair,$335.00,$500.00
IPHONE 14 PRO MAX,256GB,unlocked,damaged,$242.00,$500.00
IPHONE 14 PRO MAX,512GB,att,flawless,$392.00,$580.00
IPHONE 14 PRO MAX,512GB,verizon,flawless,$392.00,$580.00
IPHONE 14 PRO MAX,512GB,tmobile,flawless,$392.00,$580.00
IPHONE 14 PRO MAX,512GB,att,good,$367.00,$580.00
IPHONE 14 PRO MAX,512GB,verizon,good,$367.00,$580.00
IPHONE 14 PRO MAX,512GB,tmobile,good,$367.00,$580.00
IPHONE 14 PRO MAX,512GB,att,fair,$271.00,$580.00
IPHONE 14 PRO MAX,512GB,verizon,fair,$271.00,$580.00
IPHONE 14 PRO MAX,512GB,tmobile,fair,$271.00,$580.00
IPHONE 14 PRO MAX,512GB,att,damaged,$224.00,$580.00
IPHONE 14 PRO MAX,512GB,verizon,damaged,$224.00,$580.00
IPHONE 14 PRO MAX,512GB,tmobile,damaged,$224.00,$580.00
IPHONE 14 PRO MAX,512GB,unlocked,flawless,$471.00,$580.00
IPHONE 14 PRO MAX,512GB,unlocked,good,$441.00,$580.00
IPHONE 14 PRO MAX,512GB,unlocked,fair,$355.00,$580.00
IPHONE 14 PRO MAX,512GB,unlocked,damaged,$262.00,$580.00
IPHONE 15,128GB,att,flawless,$262.00,$440.00
IPHONE 15,128GB,verizon,flawless,$262.00,$440.00
IPHONE 15,128GB,tmobile,flawless,$262.00,$440.00
IPHONE 15,128GB,att,good,$228.00,$440.00
IPHONE 15,128GB,verizon,good,$228.00,$440.00
IPHONE 15,128GB,tmobile,good,$228.00,$440.00
IPHONE 15,128GB,att,fair,$168.00,$440.00
IPHONE 15,128GB,verizon,fair,$168.00,$440.00
IPHONE 15,128GB,tmobile,fair,$168.00,$440.00
IPHONE 15,128GB,att,damaged,$139.00,$440.00
IPHONE 15,128GB,verizon,damaged,$139.00,$440.00
IPHONE 15,128GB,tmobile,damaged,$139.00,$440.00
IPHONE 15,128GB,unlocked,flawless,$356.00,$440.00
IPHONE 15,128GB,unlocked,good,$326.00,$440.00
IPHONE 15,128GB,unlocked,fair,$265.00,$440.00
IPHONE 15,128GB,unlocked,damaged,$157.00,$440.00
IPHONE 15,256GB,att,flawless,$304.00,$500.00
IPHONE 15,256GB,verizon,flawless,$304.00,$500.00
IPHONE 15,256GB,tmobile,flawless,$304.00,$500.00
IPHONE 15,256GB,att,good,$263.00,$500.00
IPHONE 15,256GB,verizon,good,$263.00,$500.00
IPHONE 15,256GB,tmobile,good,$263.00,$500.00
IPHONE 15,256GB,att,fair,$208.00,$500.00
IPHONE 15,256GB,verizon,fair,$208.00,$500.00
IPHONE 15,256GB,tmobile,fair,$208.00,$500.00
IPHONE 15,256GB,att,damaged,$164.00,$500.00
IPHONE 15,256GB,verizon,damaged,$164.00,$500.00
IPHONE 15,256GB,tmobile,damaged,$164.00,$500.00
IPHONE 15,256GB,unlocked,flawless,$396.00,$500.00
IPHONE 15,256GB,unlocked,good,$366.00,$500.00
IPHONE 15,256GB,unlocked,fair,$305.00,$500.00
IPHONE 15,256GB,unlocked,damaged,$171.00,$500.00
IPHONE 15,512GB,att,flawless,$345.00,$590.00
IPHONE 15,512GB,verizon,flawless,$345.00,$590.00
IPHONE 15,512GB,tmobile,flawless,$345.00,$590.00
IPHONE 15,512GB,att,good,$306.00,$590.00
IPHONE 15,512GB,verizon,good,$306.00,$590.00
IPHONE 15,512GB,tmobile,good,$306.00,$590.00
IPHONE 15,512GB,att,fair,$248.00,$590.00
IPHONE 15,512GB,verizon,fair,$248.00,$590.00
IPHONE 15,512GB,tmobile,fair,$248.00,$590.00
IPHONE 15,512GB,att,damaged,$174.00,$590.00
IPHONE 15,512GB,verizon,damaged,$174.00,$590.00
IPHONE 15,512GB,tmobile,damaged,$174.00,$590.00
IPHONE 15,512GB,unlocked,flawless,$436.00,$590.00
IPHONE 15,512GB,unlocked,good,$406.00,$590.00
IPHONE 15,512GB,unlocked,fair,$345.00,$590.00
IPHONE 15,512GB,unlocked,damaged,$206.00,$590.00
IPHONE 15 PLUS,128GB,att,flawless,$294.00,$470.00
IPHONE 15 PLUS,128GB,verizon,flawless,$294.00,$470.00
IPHONE 15 PLUS,128GB,tmobile,flawless,$294.00,$470.00
IPHONE 15 PLUS,128GB,att,good,$255.00,$470.00
IPHONE 15 PLUS,128GB,verizon,good,$255.00,$470.00
IPHONE 15 PLUS,128GB,tmobile,good,$255.00,$470.00
IPHONE 15 PLUS,128GB,att,fair,$183.00,$470.00
IPHONE 15 PLUS,128GB,verizon,fair,$183.00,$470.00
IPHONE 15 PLUS,128GB,tmobile,fair,$183.00,$470.00
IPHONE 15 PLUS,128GB,att,damaged,$169.00,$470.00
IPHONE 15 PLUS,128GB,verizon,damaged,$169.00,$470.00
IPHONE 15 PLUS,128GB,tmobile,damaged,$169.00,$470.00
IPHONE 15 PLUS,128GB,unlocked,flawless,$391.00,$470.00
IPHONE 15 PLUS,128GB,unlocked,good,$351.00,$470.00
IPHONE 15 PLUS,128GB,unlocked,fair,$281.00,$470.00
IPHONE 15 PLUS,128GB,unlocked,damaged,$202.00,$470.00
IPHONE 15 PLUS,256GB,att,flawless,$350.00,$525.00
IPHONE 15 PLUS,256GB,verizon,flawless,$350.00,$525.00
IPHONE 15 PLUS,256GB,tmobile,flawless,$350.00,$525.00
IPHONE 15 PLUS,256GB,att,good,$287.00,$525.00
IPHONE 15 PLUS,256GB,verizon,good,$287.00,$525.00
IPHONE 15 PLUS,256GB,tmobile,good,$287.00,$525.00
IPHONE 15 PLUS,256GB,att,fair,$208.00,$525.00
IPHONE 15 PLUS,256GB,verizon,fair,$208.00,$525.00
IPHONE 15 PLUS,256GB,tmobile,fair,$208.00,$525.00
IPHONE 15 PLUS,256GB,att,damaged,$184.00,$525.00
IPHONE 15 PLUS,256GB,verizon,damaged,$184.00,$525.00
IPHONE 15 PLUS,256GB,tmobile,damaged,$184.00,$525.00
IPHONE 15 PLUS,256GB,unlocked,flawless,$421.00,$525.00
IPHONE 15 PLUS,256GB,unlocked,good,$381.00,$525.00
IPHONE 15 PLUS,256GB,unlocked,fair,$306.00,$525.00
IPHONE 15 PLUS,256GB,unlocked,damaged,$222.00,$525.00
IPHONE 15 PLUS,512GB,att,flawless,$415.00,$590.00
IPHONE 15 PLUS,512GB,verizon,flawless,$415.00,$590.00
IPHONE 15 PLUS,512GB,tmobile,flawless,$415.00,$590.00
IPHONE 15 PLUS,512GB,att,good,$366.00,$590.00
IPHONE 15 PLUS,512GB,verizon,good,$366.00,$590.00
IPHONE 15 PLUS,512GB,tmobile,good,$366.00,$590.00
IPHONE 15 PLUS,512GB,att,fair,$253.00,$590.00
IPHONE 15 PLUS,512GB,verizon,fair,$253.00,$590.00
IPHONE 15 PLUS,512GB,tmobile,fair,$253.00,$590.00
IPHONE 15 PLUS,512GB,att,damaged,$204.00,$590.00
IPHONE 15 PLUS,512GB,verizon,damaged,$204.00,$590.00
IPHONE 15 PLUS,512GB,tmobile,damaged,$204.00,$590.00
IPHONE 15 PLUS,512GB,unlocked,flawless,$481.00,$590.00
IPHONE 15 PLUS,512GB,unlocked,good,$446.00,$590.00
IPHONE 15 PLUS,512GB,unlocked,fair,$351.00,$590.00
IPHONE 15 PLUS,512GB,unlocked,damaged,$242.00,$590.00
IPHONE 15 PRO,128GB,att,flawless,$506.00,$515.00
IPHONE 15 PRO,128GB,verizon,flawless,$506.00,$515.00
IPHONE 15 PRO,128GB,tmobile,flawless,$506.00,$515.00
IPHONE 15 PRO,128GB,att,good,$471.00,$515.00
IPHONE 15 PRO,128GB,verizon,good,$471.00,$515.00
IPHONE 15 PRO,128GB,tmobile,good,$471.00,$515.00
IPHONE 15 PRO,128GB,att,fair,$346.00,$515.00
IPHONE 15 PRO,128GB,verizon,fair,$346.00,$515.00
IPHONE 15 PRO,128GB,tmobile,fair,$346.00,$515.00
IPHONE 15 PRO,128GB,att,damaged,$303.00,$515.00
IPHONE 15 PRO,128GB,verizon,damaged,$303.00,$515.00
IPHONE 15 PRO,128GB,tmobile,damaged,$303.00,$515.00
IPHONE 15 PRO,128GB,unlocked,flawless,$585.00,$515.00
IPHONE 15 PRO,128GB,unlocked,good,$541.00,$515.00
IPHONE 15 PRO,128GB,unlocked,fair,$450.00,$515.00
IPHONE 15 PRO,128GB,unlocked,damaged,$402.00,$515.00
IPHONE 15 PRO,1TB,att,flawless,$373.00,$630.00
IPHONE 15 PRO,1TB,verizon,flawless,$373.00,$630.00
IPHONE 15 PRO,1TB,tmobile,flawless,$373.00,$630.00
IPHONE 15 PRO,1TB,att,good,$331.00,$630.00
IPHONE 15 PRO,1TB,verizon,good,$331.00,$630.00
IPHONE 15 PRO,1TB,tmobile,good,$331.00,$630.00
IPHONE 15 PRO,1TB,att,fair,$221.00,$630.00
IPHONE 15 PRO,1TB,verizon,fair,$221.00,$630.00
IPHONE 15 PRO,1TB,tmobile,fair,$221.00,$630.00
IPHONE 15 PRO,1TB,att,damaged,$209.00,$630.00
IPHONE 15 PRO,1TB,verizon,damaged,$209.00,$630.00
IPHONE 15 PRO,1TB,tmobile,damaged,$209.00,$630.00
IPHONE 15 PRO,1TB,unlocked,flawless,$463.99,$630.00
IPHONE 15 PRO,1TB,unlocked,good,$421.00,$630.00
IPHONE 15 PRO,1TB,unlocked,fair,$331.00,$630.00
IPHONE 15 PRO,1TB,unlocked,damaged,$249.00,$630.00
IPHONE 15 PRO,256GB,att,flawless,$413.00,$612.00
IPHONE 15 PRO,256GB,verizon,flawless,$413.00,$612.00
IPHONE 15 PRO,256GB,tmobile,flawless,$413.00,$612.00
IPHONE 15 PRO,256GB,att,good,$371.00,$612.00
IPHONE 15 PRO,256GB,verizon,good,$371.00,$612.00
IPHONE 15 PRO,256GB,tmobile,good,$371.00,$612.00
IPHONE 15 PRO,256GB,att,fair,$261.00,$612.00
IPHONE 15 PRO,256GB,verizon,fair,$261.00,$612.00
IPHONE 15 PRO,256GB,tmobile,fair,$261.00,$612.00
IPHONE 15 PRO,256GB,att,damaged,$243.00,$612.00
IPHONE 15 PRO,256GB,verizon,damaged,$243.00,$612.00
IPHONE 15 PRO,256GB,tmobile,damaged,$243.00,$612.00
IPHONE 15 PRO,256GB,unlocked,flawless,$503.99,$612.00
IPHONE 15 PRO,256GB,unlocked,good,$461.00,$612.00
IPHONE 15 PRO,256GB,unlocked,fair,$371.00,$612.00
IPHONE 15 PRO,256GB,unlocked,damaged,$277.00,$612.00
IPHONE 15 PRO,512GB,att,flawless,$453.00,$625.00
IPHONE 15 PRO,512GB,verizon,flawless,$453.00,$625.00
IPHONE 15 PRO,512GB,tmobile,flawless,$453.00,$625.00
IPHONE 15 PRO,512GB,att,good,$411.00,$625.00
IPHONE 15 PRO,512GB,verizon,good,$411.00,$625.00
IPHONE 15 PRO,512GB,tmobile,good,$411.00,$625.00
IPHONE 15 PRO,512GB,att,fair,$291.00,$625.00
IPHONE 15 PRO,512GB,verizon,fair,$291.00,$625.00
IPHONE 15 PRO,512GB,tmobile,fair,$291.00,$625.00
IPHONE 15 PRO,512GB,att,damaged,$283.00,$625.00
IPHONE 15 PRO,512GB,verizon,damaged,$283.00,$625.00
IPHONE 15 PRO,512GB,tmobile,damaged,$283.00,$625.00
IPHONE 15 PRO,512GB,unlocked,flawless,$525.00,$625.00
IPHONE 15 PRO,512GB,unlocked,good,$501.00,$625.00
IPHONE 15 PRO,512GB,unlocked,fair,$401.00,$625.00
IPHONE 15 PRO,512GB,unlocked,damaged,$317.00,$625.00
IPHONE 15 PRO MAX,1TB,att,flawless,$510.00,$690.00
IPHONE 15 PRO MAX,1TB,verizon,flawless,$510.00,$690.00
IPHONE 15 PRO MAX,1TB,tmobile,flawless,$510.00,$690.00
IPHONE 15 PRO MAX,1TB,att,good,$471.00,$690.00
IPHONE 15 PRO MAX,1TB,verizon,good,$471.00,$690.00
IPHONE 15 PRO MAX,1TB,tmobile,good,$471.00,$690.00
IPHONE 15 PRO MAX,1TB,att,fair,$386.00,$690.00
IPHONE 15 PRO MAX,1TB,verizon,fair,$386.00,$690.00
IPHONE 15 PRO MAX,1TB,tmobile,fair,$386.00,$690.00
IPHONE 15 PRO MAX,1TB,att,damaged,$313.00,$690.00
IPHONE 15 PRO MAX,1TB,verizon,damaged,$313.00,$690.00
IPHONE 15 PRO MAX,1TB,tmobile,damaged,$313.00,$690.00
IPHONE 15 PRO MAX,1TB,unlocked,flawless,$610.00,$690.00
IPHONE 15 PRO MAX,1TB,unlocked,good,$576.00,$690.00
IPHONE 15 PRO MAX,1TB,unlocked,fair,$475.00,$690.00
IPHONE 15 PRO MAX,1TB,unlocked,damaged,$448.00,$690.00
IPHONE 15 PRO MAX,256GB,att,flawless,$440.00,$670.00
IPHONE 15 PRO MAX,256GB,verizon,flawless,$440.00,$670.00
IPHONE 15 PRO MAX,256GB,tmobile,flawless,$440.00,$670.00
IPHONE 15 PRO MAX,256GB,att,good,$401.00,$670.00
IPHONE 15 PRO MAX,256GB,verizon,good,$401.00,$670.00
IPHONE 15 PRO MAX,256GB,tmobile,good,$401.00,$670.00
IPHONE 15 PRO MAX,256GB,att,fair,$316.00,$670.00
IPHONE 15 PRO MAX,256GB,verizon,fair,$316.00,$670.00
IPHONE 15 PRO MAX,256GB,tmobile,fair,$316.00,$670.00
IPHONE 15 PRO MAX,256GB,att,damaged,$253.00,$670.00
IPHONE 15 PRO MAX,256GB,verizon,damaged,$253.00,$670.00
IPHONE 15 PRO MAX,256GB,tmobile,damaged,$253.00,$670.00
IPHONE 15 PRO MAX,256GB,unlocked,flawless,$538.99,$670.00
IPHONE 15 PRO MAX,256GB,unlocked,good,$506.00,$670.00
IPHONE 15 PRO MAX,256GB,unlocked,fair,$421.00,$670.00
IPHONE 15 PRO MAX,256GB,unlocked,damaged,$373.00,$670.00
IPHONE 15 PRO MAX,512GB,att,flawless,$470.00,$690.00
IPHONE 15 PRO MAX,512GB,verizon,flawless,$470.00,$690.00
IPHONE 15 PRO MAX,512GB,tmobile,flawless,$470.00,$690.00
IPHONE 15 PRO MAX,512GB,att,good,$431.00,$690.00
IPHONE 15 PRO MAX,512GB,verizon,good,$431.00,$690.00
IPHONE 15 PRO MAX,512GB,tmobile,good,$431.00,$690.00
IPHONE 15 PRO MAX,512GB,att,fair,$346.00,$690.00
IPHONE 15 PRO MAX,512GB,verizon,fair,$346.00,$690.00
IPHONE 15 PRO MAX,512GB,tmobile,fair,$346.00,$690.00
IPHONE 15 PRO MAX,512GB,att,damaged,$283.00,$690.00
IPHONE 15 PRO MAX,512GB,verizon,damaged,$283.00,$690.00
IPHONE 15 PRO MAX,512GB,tmobile,damaged,$283.00,$690.00
IPHONE 15 PRO MAX,512GB,unlocked,flawless,$570.00,$690.00
IPHONE 15 PRO MAX,512GB,unlocked,good,$536.00,$690.00
IPHONE 15 PRO MAX,512GB,unlocked,fair,$436.00,$690.00
IPHONE 15 PRO MAX,512GB,unlocked,damaged,$408.00,$690.00
IPHONE 16,128GB,att,flawless,$349.00,$570.00
IPHONE 16,128GB,verizon,flawless,$349.00,$570.00
IPHONE 16,128GB,tmobile,flawless,$349.00,$570.00
IPHONE 16,128GB,att,good,$295.00,$570.00
IPHONE 16,128GB,verizon,good,$295.00,$570.00
IPHONE 16,128GB,tmobile,good,$295.00,$570.00
IPHONE 16,128GB,att,fair,$236.00,$570.00
IPHONE 16,128GB,verizon,fair,$236.00,$570.00
IPHONE 16,128GB,tmobile,fair,$236.00,$570.00
IPHONE 16,128GB,att,damaged,$154.00,$570.00
IPHONE 16,128GB,verizon,damaged,$154.00,$570.00
IPHONE 16,128GB,tmobile,damaged,$154.00,$570.00
IPHONE 16,128GB,unlocked,flawless,$453.99,$570.00
IPHONE 16,128GB,unlocked,good,$411.00,$570.00
IPHONE 16,128GB,unlocked,fair,$336.00,$570.00
IPHONE 16,128GB,unlocked,damaged,$238.00,$570.00
IPHONE 16,256GB,att,flawless,$382.00,$650.00
IPHONE 16,256GB,verizon,flawless,$382.00,$650.00
IPHONE 16,256GB,tmobile,flawless,$382.00,$650.00
IPHONE 16,256GB,att,good,$342.00,$650.00
IPHONE 16,256GB,verizon,good,$342.00,$650.00
IPHONE 16,256GB,tmobile,good,$342.00,$650.00
IPHONE 16,256GB,att,fair,$268.00,$650.00
IPHONE 16,256GB,verizon,fair,$268.00,$650.00
IPHONE 16,256GB,tmobile,fair,$268.00,$650.00
IPHONE 16,256GB,att,damaged,$194.00,$650.00
IPHONE 16,256GB,verizon,damaged,$194.00,$650.00
IPHONE 16,256GB,tmobile,damaged,$194.00,$650.00
IPHONE 16,256GB,unlocked,flawless,$483.99,$650.00
IPHONE 16,256GB,unlocked,good,$441.00,$650.00
IPHONE 16,256GB,unlocked,fair,$366.00,$650.00
IPHONE 16,256GB,unlocked,damaged,$288.00,$650.00
IPHONE 16,512GB,att,flawless,$409.00,$775.00
IPHONE 16,512GB,verizon,flawless,$409.00,$775.00
IPHONE 16,512GB,tmobile,flawless,$409.00,$775.00
IPHONE 16,512GB,att,good,$360.00,$775.00
IPHONE 16,512GB,verizon,good,$360.00,$775.00
IPHONE 16,512GB,tmobile,good,$360.00,$775.00
IPHONE 16,512GB,att,fair,$296.00,$775.00
IPHONE 16,512GB,verizon,fair,$296.00,$775.00
IPHONE 16,512GB,tmobile,fair,$296.00,$775.00
IPHONE 16,512GB,att,damaged,$244.00,$775.00
IPHONE 16,512GB,verizon,damaged,$244.00,$775.00
IPHONE 16,512GB,tmobile,damaged,$244.00,$775.00
IPHONE 16,512GB,unlocked,flawless,$515.00,$775.00
IPHONE 16,512GB,unlocked,good,$471.00,$775.00
IPHONE 16,512GB,unlocked,fair,$396.00,$775.00
IPHONE 16,512GB,unlocked,damaged,$338.00,$775.00
IPHONE 16 PLUS,128GB,att,flawless,$422.00,$585.00
IPHONE 16 PLUS,128GB,verizon,flawless,$422.00,$585.00
IPHONE 16 PLUS,128GB,tmobile,flawless,$422.00,$585.00
IPHONE 16 PLUS,128GB,att,good,$381.00,$585.00
IPHONE 16 PLUS,128GB,verizon,good,$381.00,$585.00
IPHONE 16 PLUS,128GB,tmobile,good,$381.00,$585.00
IPHONE 16 PLUS,128GB,att,fair,$308.00,$585.00
IPHONE 16 PLUS,128GB,verizon,fair,$308.00,$585.00
IPHONE 16 PLUS,128GB,tmobile,fair,$308.00,$585.00
IPHONE 16 PLUS,128GB,att,damaged,$219.00,$585.00
IPHONE 16 PLUS,128GB,verizon,damaged,$219.00,$585.00
IPHONE 16 PLUS,128GB,tmobile,damaged,$219.00,$585.00
IPHONE 16 PLUS,128GB,unlocked,flawless,$530.00,$585.00
IPHONE 16 PLUS,128GB,unlocked,good,$500.00,$585.00
IPHONE 16 PLUS,128GB,unlocked,fair,$406.00,$585.00
IPHONE 16 PLUS,128GB,unlocked,damaged,$257.00,$585.00
IPHONE 16 PLUS,256GB,att,flawless,$459.00,$700.00
IPHONE 16 PLUS,256GB,verizon,flawless,$459.00,$700.00
IPHONE 16 PLUS,256GB,tmobile,flawless,$459.00,$700.00
IPHONE 16 PLUS,256GB,att,good,$420.00,$700.00
IPHONE 16 PLUS,256GB,verizon,good,$420.00,$700.00
IPHONE 16 PLUS,256GB,tmobile,good,$420.00,$700.00
IPHONE 16 PLUS,256GB,att,fair,$348.00,$700.00
IPHONE 16 PLUS,256GB,verizon,fair,$348.00,$700.00
IPHONE 16 PLUS,256GB,tmobile,fair,$348.00,$700.00
IPHONE 16 PLUS,256GB,att,damaged,$259.00,$700.00
IPHONE 16 PLUS,256GB,verizon,damaged,$259.00,$700.00
IPHONE 16 PLUS,256GB,tmobile,damaged,$259.00,$700.00
IPHONE 16 PLUS,256GB,unlocked,flawless,$570.00,$700.00
IPHONE 16 PLUS,256GB,unlocked,good,$540.00,$700.00
IPHONE 16 PLUS,256GB,unlocked,fair,$445.00,$700.00
IPHONE 16 PLUS,256GB,unlocked,damaged,$317.00,$700.00
IPHONE 16 PLUS,512GB,att,flawless,$497.00,$950.00
IPHONE 16 PLUS,512GB,verizon,flawless,$497.00,$950.00
IPHONE 16 PLUS,512GB,tmobile,flawless,$497.00,$950.00
IPHONE 16 PLUS,512GB,att,good,$456.00,$950.00
IPHONE 16 PLUS,512GB,verizon,good,$456.00,$950.00
IPHONE 16 PLUS,512GB,tmobile,good,$456.00,$950.00
IPHONE 16 PLUS,512GB,att,fair,$382.00,$950.00
IPHONE 16 PLUS,512GB,verizon,fair,$382.00,$950.00
IPHONE 16 PLUS,512GB,tmobile,fair,$382.00,$950.00
IPHONE 16 PLUS,512GB,att,damaged,$304.00,$950.00
IPHONE 16 PLUS,512GB,verizon,damaged,$304.00,$950.00
IPHONE 16 PLUS,512GB,tmobile,damaged,$304.00,$950.00
IPHONE 16 PLUS,512GB,unlocked,flawless,$605.00,$950.00
IPHONE 16 PLUS,512GB,unlocked,good,$575.00,$950.00
IPHONE 16 PLUS,512GB,unlocked,fair,$480.00,$950.00
IPHONE 16 PLUS,512GB,unlocked,damaged,$347.00,$950.00
IPHONE 16 PRO,128GB,att,flawless,$648.00,$670.00
IPHONE 16 PRO,128GB,verizon,flawless,$648.00,$670.00
IPHONE 16 PRO,128GB,tmobile,flawless,$648.00,$670.00
IPHONE 16 PRO,128GB,att,good,$596.00,$670.00
IPHONE 16 PRO,128GB,verizon,good,$596.00,$670.00
IPHONE 16 PRO,128GB,tmobile,good,$596.00,$670.00
IPHONE 16 PRO,128GB,att,fair,$530.00,$670.00
IPHONE 16 PRO,128GB,verizon,fair,$530.00,$670.00
IPHONE 16 PRO,128GB,tmobile,fair,$530.00,$670.00
IPHONE 16 PRO,128GB,att,damaged,$443.00,$670.00
IPHONE 16 PRO,128GB,verizon,damaged,$443.00,$670.00
IPHONE 16 PRO,128GB,tmobile,damaged,$443.00,$670.00
IPHONE 16 PRO,128GB,unlocked,flawless,$803.99,$670.00
IPHONE 16 PRO,128GB,unlocked,good,$771.00,$670.00
IPHONE 16 PRO,128GB,unlocked,fair,$605.00,$670.00
IPHONE 16 PRO,128GB,unlocked,damaged,$533.00,$670.00
IPHONE 16 PRO,1TB,att,flawless,$498.00,$980.00
IPHONE 16 PRO,1TB,verizon,flawless,$498.00,$980.00
IPHONE 16 PRO,1TB,tmobile,flawless,$498.00,$980.00
IPHONE 16 PRO,1TB,att,good,$461.00,$980.00
IPHONE 16 PRO,1TB,verizon,good,$461.00,$980.00
IPHONE 16 PRO,1TB,tmobile,good,$461.00,$980.00
IPHONE 16 PRO,1TB,att,fair,$386.00,$980.00
IPHONE 16 PRO,1TB,verizon,fair,$386.00,$980.00
IPHONE 16 PRO,1TB,tmobile,fair,$386.00,$980.00
IPHONE 16 PRO,1TB,att,damaged,$254.00,$980.00
IPHONE 16 PRO,1TB,verizon,damaged,$254.00,$980.00
IPHONE 16 PRO,1TB,tmobile,damaged,$254.00,$980.00
IPHONE 16 PRO,1TB,unlocked,flawless,$553.99,$980.00
IPHONE 16 PRO,1TB,unlocked,good,$521.00,$980.00
IPHONE 16 PRO,1TB,unlocked,fair,$455.00,$980.00
IPHONE 16 PRO,1TB,unlocked,damaged,$314.00,$980.00
IPHONE 16 PRO,256GB,att,flawless,$538.00,$730.00
IPHONE 16 PRO,256GB,verizon,flawless,$538.00,$730.00
IPHONE 16 PRO,256GB,tmobile,flawless,$538.00,$730.00
IPHONE 16 PRO,256GB,att,good,$506.00,$730.00
IPHONE 16 PRO,256GB,verizon,good,$506.00,$730.00
IPHONE 16 PRO,256GB,tmobile,good,$506.00,$730.00
IPHONE 16 PRO,256GB,att,fair,$430.00,$730.00
IPHONE 16 PRO,256GB,verizon,fair,$430.00,$730.00
IPHONE 16 PRO,256GB,tmobile,fair,$430.00,$730.00
IPHONE 16 PRO,256GB,att,damaged,$323.00,$730.00
IPHONE 16 PRO,256GB,verizon,damaged,$323.00,$730.00
IPHONE 16 PRO,256GB,tmobile,damaged,$323.00,$730.00
IPHONE 16 PRO,256GB,unlocked,flawless,$603.99,$730.00
IPHONE 16 PRO,256GB,unlocked,good,$581.00,$730.00
IPHONE 16 PRO,256GB,unlocked,fair,$505.00,$730.00
IPHONE 16 PRO,256GB,unlocked,damaged,$413.00,$730.00
IPHONE 16 PRO,512GB,att,flawless,$568.00,$815.00
IPHONE 16 PRO,512GB,verizon,flawless,$568.00,$815.00
IPHONE 16 PRO,512GB,tmobile,flawless,$568.00,$815.00
IPHONE 16 PRO,512GB,att,good,$536.00,$815.00
IPHONE 16 PRO,512GB,verizon,good,$536.00,$815.00
IPHONE 16 PRO,512GB,tmobile,good,$536.00,$815.00
IPHONE 16 PRO,512GB,att,fair,$470.00,$815.00
IPHONE 16 PRO,512GB,verizon,fair,$470.00,$815.00
IPHONE 16 PRO,512GB,tmobile,fair,$470.00,$815.00
IPHONE 16 PRO,512GB,att,damaged,$388.00,$815.00
IPHONE 16 PRO,512GB,verizon,damaged,$388.00,$815.00
IPHONE 16 PRO,512GB,tmobile,damaged,$388.00,$815.00
IPHONE 16 PRO,512GB,unlocked,flawless,$683.99,$815.00
IPHONE 16 PRO,512GB,unlocked,good,$636.00,$815.00
IPHONE 16 PRO,512GB,unlocked,fair,$545.00,$815.00
IPHONE 16 PRO,512GB,unlocked,damaged,$483.00,$815.00
IPHONE 16 PRO MAX,1TB,att,flawless,$778.00,"$1,010.00"
IPHONE 16 PRO MAX,1TB,verizon,flawless,$778.00,"$1,010.00"
IPHONE 16 PRO MAX,1TB,tmobile,flawless,$778.00,"$1,010.00"
IPHONE 16 PRO MAX,1TB,att,good,$726.00,"$1,010.00"
IPHONE 16 PRO MAX,1TB,verizon,good,$726.00,"$1,010.00"
IPHONE 16 PRO MAX,1TB,tmobile,good,$726.00,"$1,010.00"
IPHONE 16 PRO MAX,1TB,att,fair,$640.00,"$1,010.00"
IPHONE 16 PRO MAX,1TB,verizon,fair,$640.00,"$1,010.00"
IPHONE 16 PRO MAX,1TB,tmobile,fair,$640.00,"$1,010.00"
IPHONE 16 PRO MAX,1TB,att,damaged,$523.00,"$1,010.00"
IPHONE 16 PRO MAX,1TB,verizon,damaged,$523.00,"$1,010.00"
IPHONE 16 PRO MAX,1TB,tmobile,damaged,$523.00,"$1,010.00"
IPHONE 16 PRO MAX,1TB,unlocked,flawless,$883.99,"$1,010.00"
IPHONE 16 PRO MAX,1TB,unlocked,good,$831.00,"$1,010.00"
IPHONE 16 PRO MAX,1TB,unlocked,fair,$745.00,"$1,010.00"
IPHONE 16 PRO MAX,1TB,unlocked,damaged,$633.00,"$1,010.00"
IPHONE 16 PRO MAX,256GB,att,flawless,$628.00,$840.00
IPHONE 16 PRO MAX,256GB,verizon,flawless,$628.00,$840.00
IPHONE 16 PRO MAX,256GB,tmobile,flawless,$628.00,$840.00
IPHONE 16 PRO MAX,256GB,att,good,$576.00,$840.00
IPHONE 16 PRO MAX,256GB,verizon,good,$576.00,$840.00
IPHONE 16 PRO MAX,256GB,tmobile,good,$576.00,$840.00
IPHONE 16 PRO MAX,256GB,att,fair,$490.00,$840.00
IPHONE 16 PRO MAX,256GB,verizon,fair,$490.00,$840.00
IPHONE 16 PRO MAX,256GB,tmobile,fair,$490.00,$840.00
IPHONE 16 PRO MAX,256GB,att,damaged,$383.00,$840.00
IPHONE 16 PRO MAX,256GB,verizon,damaged,$383.00,$840.00
IPHONE 16 PRO MAX,256GB,tmobile,damaged,$383.00,$840.00
IPHONE 16 PRO MAX,256GB,unlocked,flawless,$733.99,$840.00
IPHONE 16 PRO MAX,256GB,unlocked,good,$681.00,$840.00
IPHONE 16 PRO MAX,256GB,unlocked,fair,$595.00,$840.00
IPHONE 16 PRO MAX,256GB,unlocked,damaged,$493.00,$840.00
IPHONE 16 PRO MAX,512GB,att,flawless,$688.00,$920.00
IPHONE 16 PRO MAX,512GB,verizon,flawless,$688.00,$920.00
IPHONE 16 PRO MAX,512GB,tmobile,flawless,$688.00,$920.00
IPHONE 16 PRO MAX,512GB,att,good,$636.00,$920.00
IPHONE 16 PRO MAX,512GB,verizon,good,$636.00,$920.00
IPHONE 16 PRO MAX,512GB,tmobile,good,$636.00,$920.00
IPHONE 16 PRO MAX,512GB,att,fair,$550.00,$920.00
IPHONE 16 PRO MAX,512GB,verizon,fair,$550.00,$920.00
IPHONE 16 PRO MAX,512GB,tmobile,fair,$550.00,$920.00
IPHONE 16 PRO MAX,512GB,att,damaged,$453.00,$920.00
IPHONE 16 PRO MAX,512GB,verizon,damaged,$453.00,$920.00
IPHONE 16 PRO MAX,512GB,tmobile,damaged,$453.00,$920.00
IPHONE 16 PRO MAX,512GB,unlocked,flawless,$793.99,$920.00
IPHONE 16 PRO MAX,512GB,unlocked,good,$741.00,$920.00
IPHONE 16 PRO MAX,512GB,unlocked,fair,$655.00,$920.00
IPHONE 16 PRO MAX,512GB,unlocked,damaged,$563.00,$920.00
iPhone 16 SE,128GB,att,flawless,$191.00,$400.00
iPhone 16 SE,128GB,verizon,flawless,$191.00,$400.00
iPhone 16 SE,128GB,tmobile,flawless,$191.00,$400.00
iPhone 16 SE,128GB,att,good,$159.00,$400.00
iPhone 16 SE,128GB,verizon,good,$159.00,$400.00
iPhone 16 SE,128GB,tmobile,good,$159.00,$400.00
iPhone 16 SE,128GB,att,fair,$109.00,$400.00
iPhone 16 SE,128GB,verizon,fair,$109.00,$400.00
iPhone 16 SE,128GB,tmobile,fair,$109.00,$400.00
iPhone 16 SE,128GB,att,damaged,$94.00,$400.00
iPhone 16 SE,128GB,verizon,damaged,$94.00,$400.00
iPhone 16 SE,128GB,tmobile,damaged,$94.00,$400.00
iPhone 16 SE,128GB,unlocked,flawless,$279.85,$400.00
iPhone 16 SE,128GB,unlocked,good,$262.00,$400.00
iPhone 16 SE,128GB,unlocked,fair,$196.00,$400.00
iPhone 16 SE,128GB,unlocked,damaged,$114.00,$400.00
iPhone 16 SE,256GB,att,flawless,$261.00,$490.00
iPhone 16 SE,256GB,verizon,flawless,$261.00,$490.00
iPhone 16 SE,256GB,tmobile,flawless,$261.00,$490.00
iPhone 16 SE,256GB,att,good,$221.00,$490.00
iPhone 16 SE,256GB,verizon,good,$221.00,$490.00
iPhone 16 SE,256GB,tmobile,good,$221.00,$490.00
iPhone 16 SE,256GB,att,fair,$165.00,$490.00
iPhone 16 SE,256GB,verizon,fair,$165.00,$490.00
iPhone 16 SE,256GB,tmobile,fair,$165.00,$490.00
iPhone 16 SE,256GB,att,damaged,$109.00,$490.00
iPhone 16 SE,256GB,verizon,damaged,$109.00,$490.00
iPhone 16 SE,256GB,tmobile,damaged,$109.00,$490.00
iPhone 16 SE,256GB,unlocked,flawless,$334.00,$490.00
iPhone 16 SE,256GB,unlocked,good,$324.00,$490.00
iPhone 16 SE,256GB,unlocked,fair,$264.00,$490.00
iPhone 16 SE,256GB,unlocked,damaged,$134.00,$490.00
GALAXY S20 FE,128GB,att,flawless,$55.00,$145.00
GALAXY S20 FE,128GB,verizon,flawless,$55.00,$145.00
GALAXY S20 FE,128GB,tmobile,flawless,$55.00,$145.00
GALAXY S20 FE,128GB,att,good,$45.00,$145.00
GALAXY S20 FE,128GB,verizon,good,$45.00,$145.00
GALAXY S20 FE,128GB,tmobile,good,$45.00,$145.00
GALAXY S20 FE,128GB,att,fair,$30.00,$145.00
GALAXY S20 FE,128GB,verizon,fair,$30.00,$145.00
GALAXY S20 FE,128GB,tmobile,fair,$30.00,$145.00
GALAXY S20 FE,128GB,att,damaged,$10.00,$145.00
GALAXY S20 FE,128GB,verizon,damaged,$10.00,$145.00
GALAXY S20 FE,128GB,tmobile,damaged,$10.00,$145.00
GALAXY S20 FE,128GB,unlocked,flawless,$65.00,$145.00
GALAXY S20 FE,128GB,unlocked,good,$55.00,$145.00
GALAXY S20 FE,128GB,unlocked,fair,$30.00,$145.00
GALAXY S20 FE,128GB,unlocked,damaged,$10.00,$145.00
GALAXY S21,128GB,att,flawless,$71.00,$155.00
GALAXY S21,128GB,verizon,flawless,$71.00,$155.00
GALAXY S21,128GB,tmobile,flawless,$71.00,$155.00
GALAXY S21,128GB,att,good,$60.00,$155.00
GALAXY S21,128GB,verizon,good,$60.00,$155.00
GALAXY S21,128GB,tmobile,good,$60.00,$155.00
GALAXY S21,128GB,att,fair,$41.00,$155.00
GALAXY S21,128GB,verizon,fair,$41.00,$155.00
GALAXY S21,128GB,tmobile,fair,$41.00,$155.00
GALAXY S21,128GB,att,damaged,$20.00,$155.00
GALAXY S21,128GB,verizon,damaged,$20.00,$155.00
GALAXY S21,128GB,tmobile,damaged,$20.00,$155.00
GALAXY S21,128GB,unlocked,flawless,$86.00,$155.00
GALAXY S21,128GB,unlocked,good,$70.00,$155.00
GALAXY S21,128GB,unlocked,fair,$51.00,$155.00
GALAXY S21,128GB,unlocked,damaged,$11.00,$155.00
GALAXY S21 FE,128GB,att,flawless,$65.00,$150.00
GALAXY S21 FE,128GB,verizon,flawless,$65.00,$150.00
GALAXY S21 FE,128GB,tmobile,flawless,$65.00,$150.00
GALAXY S21 FE,128GB,att,good,$55.00,$150.00
GALAXY S21 FE,128GB,verizon,good,$55.00,$150.00
GALAXY S21 FE,128GB,tmobile,good,$55.00,$150.00
GALAXY S21 FE,128GB,att,fair,$35.00,$150.00
GALAXY S21 FE,128GB,verizon,fair,$35.00,$150.00
GALAXY S21 FE,128GB,tmobile,fair,$35.00,$150.00
GALAXY S21 FE,128GB,att,damaged,$11.00,$150.00
GALAXY S21 FE,128GB,verizon,damaged,$11.00,$150.00
GALAXY S21 FE,128GB,tmobile,damaged,$11.00,$150.00
GALAXY S21 FE,128GB,unlocked,flawless,$85.00,$150.00
GALAXY S21 FE,128GB,unlocked,good,$65.00,$150.00
GALAXY S21 FE,128GB,unlocked,fair,$30.00,$150.00
GALAXY S21 FE,128GB,unlocked,damaged,$11.00,$150.00
GALAXY S21 ULTRA,128GB,att,flawless,$141.00,$240.00
GALAXY S21 ULTRA,128GB,verizon,flawless,$141.00,$240.00
GALAXY S21 ULTRA,128GB,tmobile,flawless,$141.00,$240.00
GALAXY S21 ULTRA,128GB,att,good,$125.00,$240.00
GALAXY S21 ULTRA,128GB,verizon,good,$125.00,$240.00
GALAXY S21 ULTRA,128GB,tmobile,good,$125.00,$240.00
GALAXY S21 ULTRA,128GB,att,fair,$76.00,$240.00
GALAXY S21 ULTRA,128GB,verizon,fair,$76.00,$240.00
GALAXY S21 ULTRA,128GB,tmobile,fair,$76.00,$240.00
GALAXY S21 ULTRA,128GB,att,damaged,$25.00,$240.00
GALAXY S21 ULTRA,128GB,verizon,damaged,$25.00,$240.00
GALAXY S21 ULTRA,128GB,tmobile,damaged,$25.00,$240.00
GALAXY S21 ULTRA,128GB,unlocked,flawless,$151.00,$240.00
GALAXY S21 ULTRA,128GB,unlocked,good,$135.00,$240.00
GALAXY S21 ULTRA,128GB,unlocked,fair,$86.00,$240.00
GALAXY S21 ULTRA,128GB,unlocked,damaged,$30.00,$240.00
GALAXY S21+,128GB,att,flawless,$106.00,$175.00
GALAXY S21+,128GB,verizon,flawless,$106.00,$175.00
GALAXY S21+,128GB,tmobile,flawless,$106.00,$175.00
GALAXY S21+,128GB,att,good,$95.00,$175.00
GALAXY S21+,128GB,verizon,good,$95.00,$175.00
GALAXY S21+,128GB,tmobile,good,$95.00,$175.00
GALAXY S21+,128GB,att,fair,$56.00,$175.00
GALAXY S21+,128GB,verizon,fair,$56.00,$175.00
GALAXY S21+,128GB,tmobile,fair,$56.00,$175.00
GALAXY S21+,128GB,att,damaged,$25.00,$175.00
GALAXY S21+,128GB,verizon,damaged,$25.00,$175.00
GALAXY S21+,128GB,tmobile,damaged,$25.00,$175.00
GALAXY S21+,128GB,unlocked,flawless,$108.00,$175.00
GALAXY S21+,128GB,unlocked,good,$97.00,$175.00
GALAXY S21+,128GB,unlocked,fair,$70.00,$175.00
GALAXY S21+,128GB,unlocked,damaged,$30.00,$175.00
GALAXY S22,128GB,att,flawless,$101.00,$170.00
GALAXY S22,128GB,verizon,flawless,$101.00,$170.00
GALAXY S22,128GB,tmobile,flawless,$101.00,$170.00
GALAXY S22,128GB,att,good,$80.00,$170.00
GALAXY S22,128GB,verizon,good,$80.00,$170.00
GALAXY S22,128GB,tmobile,good,$80.00,$170.00
GALAXY S22,128GB,att,fair,$48.00,$170.00
GALAXY S22,128GB,verizon,fair,$48.00,$170.00
GALAXY S22,128GB,tmobile,fair,$48.00,$170.00
GALAXY S22,128GB,att,damaged,$25.00,$170.00
GALAXY S22,128GB,verizon,damaged,$25.00,$170.00
GALAXY S22,128GB,tmobile,damaged,$25.00,$170.00
GALAXY S22,128GB,unlocked,flawless,$116.00,$170.00
GALAXY S22,128GB,unlocked,good,$97.00,$170.00
GALAXY S22,128GB,unlocked,fair,$66.00,$170.00
GALAXY S22,128GB,unlocked,damaged,$30.00,$170.00
GALAXY S22,256gb,att,flawless,$112.00,$195.00
GALAXY S22,256gb,verizon,flawless,$112.00,$195.00
GALAXY S22,256gb,tmobile,flawless,$112.00,$195.00
GALAXY S22,256gb,att,good,$97.00,$195.00
GALAXY S22,256gb,verizon,good,$97.00,$195.00
GALAXY S22,256gb,tmobile,good,$97.00,$195.00
GALAXY S22,256gb,att,fair,$60.00,$195.00
GALAXY S22,256gb,verizon,fair,$60.00,$195.00
GALAXY S22,256gb,tmobile,fair,$60.00,$195.00
GALAXY S22,256gb,att,damaged,$27.00,$195.00
GALAXY S22,256gb,verizon,damaged,$27.00,$195.00
GALAXY S22,256gb,tmobile,damaged,$27.00,$195.00
GALAXY S22,256gb,unlocked,flawless,$125.40,$195.00
GALAXY S22,256gb,unlocked,good,$115.00,$195.00
GALAXY S22,256gb,unlocked,fair,$96.00,$195.00
GALAXY S22,256gb,unlocked,damaged,$38.00,$195.00
GALAXY S22 ULTRA,128GB,att,flawless,$158.00,$295.00
GALAXY S22 ULTRA,128GB,verizon,flawless,$158.00,$295.00
GALAXY S22 ULTRA,128GB,tmobile,flawless,$158.00,$295.00
GALAXY S22 ULTRA,128GB,att,good,$138.00,$295.00
GALAXY S22 ULTRA,128GB,verizon,good,$138.00,$295.00
GALAXY S22 ULTRA,128GB,tmobile,good,$138.00,$295.00
GALAXY S22 ULTRA,128GB,att,fair,$96.00,$295.00
GALAXY S22 ULTRA,128GB,verizon,fair,$96.00,$295.00
GALAXY S22 ULTRA,128GB,tmobile,fair,$96.00,$295.00
GALAXY S22 ULTRA,128GB,att,damaged,$30.00,$295.00
GALAXY S22 ULTRA,128GB,verizon,damaged,$30.00,$295.00
GALAXY S22 ULTRA,128GB,tmobile,damaged,$30.00,$295.00
GALAXY S22 ULTRA,128GB,unlocked,flawless,$187.00,$295.00
GALAXY S22 ULTRA,128GB,unlocked,good,$165.00,$295.00
GALAXY S22 ULTRA,128GB,unlocked,fair,$126.00,$295.00
GALAXY S22 ULTRA,128GB,unlocked,damaged,$55.00,$295.00
GALAXY S22 ULTRA,256gb,att,flawless,$138.60,$320.00
GALAXY S22 ULTRA,256gb,verizon,flawless,$138.60,$320.00
GALAXY S22 ULTRA,256gb,tmobile,flawless,$138.60,$320.00
GALAXY S22 ULTRA,256gb,att,good,$140.27,$320.00
GALAXY S22 ULTRA,256gb,verizon,good,$140.27,$320.00
GALAXY S22 ULTRA,256gb,tmobile,good,$140.27,$320.00
GALAXY S22 ULTRA,256gb,att,fair,$99.00,$320.00
GALAXY S22 ULTRA,256gb,verizon,fair,$99.00,$320.00
GALAXY S22 ULTRA,256gb,tmobile,fair,$99.00,$320.00
GALAXY S22 ULTRA,256gb,att,damaged,$47.00,$320.00
GALAXY S22 ULTRA,256gb,verizon,damaged,$47.00,$320.00
GALAXY S22 ULTRA,256gb,tmobile,damaged,$47.00,$320.00
GALAXY S22 ULTRA,256gb,unlocked,flawless,$144.03,$320.00
GALAXY S22 ULTRA,256gb,unlocked,good,$145.49,$320.00
GALAXY S22 ULTRA,256gb,unlocked,fair,$122.81,$320.00
GALAXY S22 ULTRA,256gb,unlocked,damaged,$58.00,$320.00
GALAXY S22+,128GB,att,flawless,$118.00,$190.00
GALAXY S22+,128GB,verizon,flawless,$118.00,$190.00
GALAXY S22+,128GB,tmobile,flawless,$118.00,$190.00
GALAXY S22+,128GB,att,good,$97.00,$190.00
GALAXY S22+,128GB,verizon,good,$97.00,$190.00
GALAXY S22+,128GB,tmobile,good,$97.00,$190.00
GALAXY S22+,128GB,att,fair,$63.00,$190.00
GALAXY S22+,128GB,verizon,fair,$63.00,$190.00
GALAXY S22+,128GB,tmobile,fair,$63.00,$190.00
GALAXY S22+,128GB,att,damaged,$30.00,$190.00
GALAXY S22+,128GB,verizon,damaged,$30.00,$190.00
GALAXY S22+,128GB,tmobile,damaged,$30.00,$190.00
GALAXY S22+,128GB,unlocked,flawless,$139.00,$190.00
GALAXY S22+,128GB,unlocked,good,$115.00,$190.00
GALAXY S22+,128GB,unlocked,fair,$82.00,$190.00
GALAXY S22+,128GB,unlocked,damaged,$35.00,$190.00
GALAXY S22+,256gb,att,flawless,$124.00,$225.00
GALAXY S22+,256gb,verizon,flawless,$124.00,$225.00
GALAXY S22+,256gb,tmobile,flawless,$124.00,$225.00
GALAXY S22+,256gb,att,good,$117.00,$225.00
GALAXY S22+,256gb,verizon,good,$117.00,$225.00
GALAXY S22+,256gb,tmobile,good,$117.00,$225.00
GALAXY S22+,256gb,att,fair,$81.00,$225.00
GALAXY S22+,256gb,verizon,fair,$81.00,$225.00
GALAXY S22+,256gb,tmobile,fair,$81.00,$225.00
GALAXY S22+,256gb,att,damaged,$35.00,$225.00
GALAXY S22+,256gb,verizon,damaged,$35.00,$225.00
GALAXY S22+,256gb,tmobile,damaged,$35.00,$225.00
GALAXY S22+,256gb,unlocked,flawless,$147.83,$225.00
GALAXY S22+,256gb,unlocked,good,$136.00,$225.00
GALAXY S22+,256gb,unlocked,fair,$112.00,$225.00
GALAXY S22+,256gb,unlocked,damaged,$44.00,$225.00
GALAXY S23,128GB,att,flawless,$169.00,$240.00
GALAXY S23,128GB,verizon,flawless,$169.00,$240.00
GALAXY S23,128GB,tmobile,flawless,$169.00,$240.00
GALAXY S23,128GB,att,good,$135.00,$240.00
GALAXY S23,128GB,verizon,good,$135.00,$240.00
GALAXY S23,128GB,tmobile,good,$135.00,$240.00
GALAXY S23,128GB,att,fair,$91.00,$240.00
GALAXY S23,128GB,verizon,fair,$91.00,$240.00
GALAXY S23,128GB,tmobile,fair,$91.00,$240.00
GALAXY S23,128GB,att,damaged,$51.00,$240.00
GALAXY S23,128GB,verizon,damaged,$51.00,$240.00
GALAXY S23,128GB,tmobile,damaged,$51.00,$240.00
GALAXY S23,128GB,unlocked,flawless,$182.00,$240.00
GALAXY S23,128GB,unlocked,good,$165.00,$240.00
GALAXY S23,128GB,unlocked,fair,$106.00,$240.00
GALAXY S23,128GB,unlocked,damaged,$56.00,$240.00
GALAXY S23,256gb,att,flawless,$181.00,$290.00
GALAXY S23,256gb,verizon,flawless,$181.00,$290.00
GALAXY S23,256gb,tmobile,flawless,$181.00,$290.00
GALAXY S23,256gb,att,good,$160.00,$290.00
GALAXY S23,256gb,verizon,good,$160.00,$290.00
GALAXY S23,256gb,tmobile,good,$160.00,$290.00
GALAXY S23,256gb,att,fair,$107.00,$290.00
GALAXY S23,256gb,verizon,fair,$107.00,$290.00
GALAXY S23,256gb,tmobile,fair,$107.00,$290.00
GALAXY S23,256gb,att,damaged,$53.00,$290.00
GALAXY S23,256gb,verizon,damaged,$53.00,$290.00
GALAXY S23,256gb,tmobile,damaged,$53.00,$290.00
GALAXY S23,256gb,unlocked,flawless,$196.50,$290.00
GALAXY S23,256gb,unlocked,good,$190.00,$290.00
GALAXY S23,256gb,unlocked,fair,$172.13,$290.00
GALAXY S23,256gb,unlocked,damaged,$64.00,$290.00
GALAXY S23 ULTRA,256gb,att,flawless,$206.46,$425.00
GALAXY S23 ULTRA,256gb,verizon,flawless,$206.46,$425.00
GALAXY S23 ULTRA,256gb,tmobile,flawless,$206.46,$425.00
GALAXY S23 ULTRA,256gb,att,good,$209.31,$425.00
GALAXY S23 ULTRA,256gb,verizon,good,$209.31,$425.00
GALAXY S23 ULTRA,256gb,tmobile,good,$209.31,$425.00
GALAXY S23 ULTRA,256gb,att,fair,$196.00,$425.00
GALAXY S23 ULTRA,256gb,verizon,fair,$196.00,$425.00
GALAXY S23 ULTRA,256gb,tmobile,fair,$196.00,$425.00
GALAXY S23 ULTRA,256gb,att,damaged,$124.00,$425.00
GALAXY S23 ULTRA,256gb,verizon,damaged,$124.00,$425.00
GALAXY S23 ULTRA,256gb,tmobile,damaged,$124.00,$425.00
GALAXY S23 ULTRA,256gb,unlocked,flawless,$214.65,$425.00
GALAXY S23 ULTRA,256gb,unlocked,good,$214.60,$425.00
GALAXY S23 ULTRA,256gb,unlocked,fair,$190.39,$425.00
GALAXY S23 ULTRA,256gb,unlocked,damaged,$124.00,$425.00
GALAXY S23+,256GB,att,flawless,$209.00,$300.00
GALAXY S23+,256GB,verizon,flawless,$209.00,$300.00
GALAXY S23+,256GB,tmobile,flawless,$209.00,$300.00
GALAXY S23+,256GB,att,good,$192.00,$300.00
GALAXY S23+,256GB,verizon,good,$192.00,$300.00
GALAXY S23+,256GB,tmobile,good,$192.00,$300.00
GALAXY S23+,256GB,att,fair,$102.00,$300.00
GALAXY S23+,256GB,verizon,fair,$102.00,$300.00
GALAXY S23+,256GB,tmobile,fair,$102.00,$300.00
GALAXY S23+,256GB,att,damaged,$91.00,$300.00
GALAXY S23+,256GB,verizon,damaged,$91.00,$300.00
GALAXY S23+,256GB,tmobile,damaged,$91.00,$300.00
GALAXY S23+,256GB,unlocked,flawless,$233.00,$300.00
GALAXY S23+,256GB,unlocked,good,$206.00,$300.00
GALAXY S23+,256GB,unlocked,fair,$131.00,$300.00
GALAXY S23+,256GB,unlocked,damaged,$111.00,$300.00
GALAXY S23+,512GB,att,flawless,$233.00,$320.00
GALAXY S23+,512GB,verizon,flawless,$233.00,$320.00
GALAXY S23+,512GB,tmobile,flawless,$233.00,$320.00
GALAXY S23+,512GB,att,good,$206.00,$320.00
GALAXY S23+,512GB,verizon,good,$206.00,$320.00
GALAXY S23+,512GB,tmobile,good,$206.00,$320.00
GALAXY S23+,512GB,att,fair,$121.00,$320.00
GALAXY S23+,512GB,verizon,fair,$121.00,$320.00
GALAXY S23+,512GB,tmobile,fair,$121.00,$320.00
GALAXY S23+,512GB,att,damaged,$96.00,$320.00
GALAXY S23+,512GB,verizon,damaged,$96.00,$320.00
GALAXY S23+,512GB,tmobile,damaged,$96.00,$320.00
GALAXY S23+,512GB,unlocked,flawless,$264.00,$320.00
GALAXY S23+,512GB,unlocked,good,$230.00,$320.00
GALAXY S23+,512GB,unlocked,fair,$156.00,$320.00
GALAXY S23+,512GB,unlocked,damaged,$116.00,$320.00
GALAXY S23FE,128GB,att,flawless,$128.50,$210.00
GALAXY S23FE,128GB,verizon,flawless,$128.50,$210.00
GALAXY S23FE,128GB,tmobile,flawless,$128.50,$210.00
GALAXY S23FE,128GB,att,good,$109.00,$210.00
GALAXY S23FE,128GB,verizon,good,$109.00,$210.00
GALAXY S23FE,128GB,tmobile,good,$109.00,$210.00
GALAXY S23FE,128GB,att,fair,$64.00,$210.00
GALAXY S23FE,128GB,verizon,fair,$64.00,$210.00
GALAXY S23FE,128GB,tmobile,fair,$64.00,$210.00
GALAXY S23FE,128GB,att,damaged,$32.00,$210.00
GALAXY S23FE,128GB,verizon,damaged,$32.00,$210.00
GALAXY S23FE,128GB,tmobile,damaged,$32.00,$210.00
GALAXY S23FE,128GB,unlocked,flawless,$136.68,$210.00
GALAXY S23FE,128GB,unlocked,good,$129.00,$210.00
GALAXY S23FE,128GB,unlocked,fair,$101.00,$210.00
GALAXY S23FE,128GB,unlocked,damaged,$34.00,$210.00
GALAXY S23FE,256gb,att,flawless,$146.00,$340.00
GALAXY S23FE,256gb,verizon,flawless,$146.00,$340.00
GALAXY S23FE,256gb,tmobile,flawless,$146.00,$340.00
GALAXY S23FE,256gb,att,good,$117.00,$340.00
GALAXY S23FE,256gb,verizon,good,$117.00,$340.00
GALAXY S23FE,256gb,tmobile,good,$117.00,$340.00
GALAXY S23FE,256gb,att,fair,$65.00,$340.00
GALAXY S23FE,256gb,verizon,fair,$65.00,$340.00
GALAXY S23FE,256gb,tmobile,fair,$65.00,$340.00
GALAXY S23FE,256gb,att,damaged,$37.00,$340.00
GALAXY S23FE,256gb,verizon,damaged,$37.00,$340.00
GALAXY S23FE,256gb,tmobile,damaged,$37.00,$340.00
GALAXY S23FE,256gb,unlocked,flawless,$166.00,$340.00
GALAXY S23FE,256gb,unlocked,good,$145.00,$340.00
GALAXY S23FE,256gb,unlocked,fair,$111.00,$340.00
GALAXY S23FE,256gb,unlocked,damaged,$44.00,$340.00
GALAXY S24,128GB,att,flawless,$218.00,$320.00
GALAXY S24,128GB,verizon,flawless,$218.00,$320.00
GALAXY S24,128GB,tmobile,flawless,$218.00,$320.00
GALAXY S24,128GB,att,good,$185.00,$320.00
GALAXY S24,128GB,verizon,good,$185.00,$320.00
GALAXY S24,128GB,tmobile,good,$185.00,$320.00
GALAXY S24,128GB,att,fair,$170.00,$320.00
GALAXY S24,128GB,verizon,fair,$170.00,$320.00
GALAXY S24,128GB,tmobile,fair,$170.00,$320.00
GALAXY S24,128GB,att,damaged,$91.00,$320.00
GALAXY S24,128GB,verizon,damaged,$91.00,$320.00
GALAXY S24,128GB,tmobile,damaged,$91.00,$320.00
GALAXY S24,128GB,unlocked,flawless,$267.00,$320.00
GALAXY S24,128GB,unlocked,good,$235.00,$320.00
GALAXY S24,128GB,unlocked,fair,$186.00,$320.00
GALAXY S24,128GB,unlocked,damaged,$131.00,$320.00
GALAXY S24,256gb,att,flawless,$211.54,$410.00
GALAXY S24,256gb,verizon,flawless,$211.54,$410.00
GALAXY S24,256gb,tmobile,flawless,$211.54,$410.00
GALAXY S24,256gb,att,good,$197.00,$410.00
GALAXY S24,256gb,verizon,good,$197.00,$410.00
GALAXY S24,256gb,tmobile,good,$197.00,$410.00
GALAXY S24,256gb,att,fair,$131.00,$410.00
GALAXY S24,256gb,verizon,fair,$131.00,$410.00
GALAXY S24,256gb,tmobile,fair,$131.00,$410.00
GALAXY S24,256gb,att,damaged,$104.00,$410.00
GALAXY S24,256gb,verizon,damaged,$104.00,$410.00
GALAXY S24,256gb,tmobile,damaged,$104.00,$410.00
GALAXY S24,256gb,unlocked,flawless,$215.32,$410.00
GALAXY S24,256gb,unlocked,good,$216.62,$410.00
GALAXY S24,256gb,unlocked,fair,$193.94,$410.00
GALAXY S24,256gb,unlocked,damaged,$144.00,$410.00
GALAXY S24 FE,128GB,att,flawless,$163.00,$300.00
GALAXY S24 FE,128GB,verizon,flawless,$163.00,$300.00
GALAXY S24 FE,128GB,tmobile,flawless,$163.00,$300.00
GALAXY S24 FE,128GB,att,good,$130.00,$300.00
GALAXY S24 FE,128GB,verizon,good,$130.00,$300.00
GALAXY S24 FE,128GB,tmobile,good,$130.00,$300.00
GALAXY S24 FE,128GB,att,fair,$91.00,$300.00
GALAXY S24 FE,128GB,verizon,fair,$91.00,$300.00
GALAXY S24 FE,128GB,tmobile,fair,$91.00,$300.00
GALAXY S24 FE,128GB,att,damaged,$65.00,$300.00
GALAXY S24 FE,128GB,verizon,damaged,$65.00,$300.00
GALAXY S24 FE,128GB,tmobile,damaged,$65.00,$300.00
GALAXY S24 FE,128GB,unlocked,flawless,$221.00,$300.00
GALAXY S24 FE,128GB,unlocked,good,$190.00,$300.00
GALAXY S24 FE,128GB,unlocked,fair,$126.00,$300.00
GALAXY S24 FE,128GB,unlocked,damaged,$80.00,$300.00
GALAXY S24 FE,256gb,att,flawless,$182.00,$320.00
GALAXY S24 FE,256gb,verizon,flawless,$182.00,$320.00
GALAXY S24 FE,256gb,tmobile,flawless,$182.00,$320.00
GALAXY S24 FE,256gb,att,good,$146.00,$320.00
GALAXY S24 FE,256gb,verizon,good,$146.00,$320.00
GALAXY S24 FE,256gb,tmobile,good,$146.00,$320.00
GALAXY S24 FE,256gb,att,fair,$100.00,$320.00
GALAXY S24 FE,256gb,verizon,fair,$100.00,$320.00
GALAXY S24 FE,256gb,tmobile,fair,$100.00,$320.00
GALAXY S24 FE,256gb,att,damaged,$68.00,$320.00
GALAXY S24 FE,256gb,verizon,damaged,$68.00,$320.00
GALAXY S24 FE,256gb,tmobile,damaged,$68.00,$320.00
GALAXY S24 FE,256gb,unlocked,flawless,$219.01,$320.00
GALAXY S24 FE,256gb,unlocked,good,$218.96,$320.00
GALAXY S24 FE,256gb,unlocked,fair,$151.00,$320.00
GALAXY S24 FE,256gb,unlocked,damaged,$88.00,$320.00
GALAXY S24 ULTRA,256GB,att,flawless,$352.00,$610.00
GALAXY S24 ULTRA,256GB,verizon,flawless,$352.00,$610.00
GALAXY S24 ULTRA,256GB,tmobile,flawless,$352.00,$610.00
GALAXY S24 ULTRA,256GB,att,good,$314.00,$610.00
GALAXY S24 ULTRA,256GB,verizon,good,$314.00,$610.00
GALAXY S24 ULTRA,256GB,tmobile,good,$314.00,$610.00
GALAXY S24 ULTRA,256GB,att,fair,$231.00,$610.00
GALAXY S24 ULTRA,256GB,verizon,fair,$231.00,$610.00
GALAXY S24 ULTRA,256GB,tmobile,fair,$231.00,$610.00
GALAXY S24 ULTRA,256GB,att,damaged,$106.00,$610.00
GALAXY S24 ULTRA,256GB,verizon,damaged,$106.00,$610.00
GALAXY S24 ULTRA,256GB,tmobile,damaged,$106.00,$610.00
GALAXY S24 ULTRA,256GB,unlocked,flawless,$452.00,$610.00
GALAXY S24 ULTRA,256GB,unlocked,good,$374.00,$610.00
GALAXY S24 ULTRA,256GB,unlocked,fair,$331.00,$610.00
GALAXY S24 ULTRA,256GB,unlocked,damaged,$156.00,$610.00
GALAXY S24 ULTRA,512GB,att,flawless,$397.00,$640.00
GALAXY S24 ULTRA,512GB,verizon,flawless,$397.00,$640.00
GALAXY S24 ULTRA,512GB,tmobile,flawless,$397.00,$640.00
GALAXY S24 ULTRA,512GB,att,good,$336.00,$640.00
GALAXY S24 ULTRA,512GB,verizon,good,$336.00,$640.00
GALAXY S24 ULTRA,512GB,tmobile,good,$336.00,$640.00
GALAXY S24 ULTRA,512GB,att,fair,$251.00,$640.00
GALAXY S24 ULTRA,512GB,verizon,fair,$251.00,$640.00
GALAXY S24 ULTRA,512GB,tmobile,fair,$251.00,$640.00
GALAXY S24 ULTRA,512GB,att,damaged,$121.00,$640.00
GALAXY S24 ULTRA,512GB,verizon,damaged,$121.00,$640.00
GALAXY S24 ULTRA,512GB,tmobile,damaged,$121.00,$640.00
GALAXY S24 ULTRA,512GB,unlocked,flawless,$490.00,$640.00
GALAXY S24 ULTRA,512GB,unlocked,good,$420.00,$640.00
GALAXY S24 ULTRA,512GB,unlocked,fair,$351.00,$640.00
GALAXY S24 ULTRA,512GB,unlocked,damaged,$171.00,$640.00
GALAXY S24+,256GB,att,flawless,$262.00,$430.00
GALAXY S24+,256GB,verizon,flawless,$262.00,$430.00
GALAXY S24+,256GB,tmobile,flawless,$262.00,$430.00
GALAXY S24+,256GB,att,good,$230.00,$430.00
GALAXY S24+,256GB,verizon,good,$230.00,$430.00
GALAXY S24+,256GB,tmobile,good,$230.00,$430.00
GALAXY S24+,256GB,att,fair,$151.00,$430.00
GALAXY S24+,256GB,verizon,fair,$151.00,$430.00
GALAXY S24+,256GB,tmobile,fair,$151.00,$430.00
GALAXY S24+,256GB,att,damaged,$90.00,$430.00
GALAXY S24+,256GB,verizon,damaged,$90.00,$430.00
GALAXY S24+,256GB,tmobile,damaged,$90.00,$430.00
GALAXY S24+,256GB,unlocked,flawless,$337.00,$430.00
GALAXY S24+,256GB,unlocked,good,$300.00,$430.00
GALAXY S24+,256GB,unlocked,fair,$221.00,$430.00
GALAXY S24+,256GB,unlocked,damaged,$106.00,$430.00
GALAXY S24+,512GB,att,flawless,$333.00,$535.00
GALAXY S24+,512GB,verizon,flawless,$333.00,$535.00
GALAXY S24+,512GB,tmobile,flawless,$333.00,$535.00
GALAXY S24+,512GB,att,good,$282.00,$535.00
GALAXY S24+,512GB,verizon,good,$282.00,$535.00
GALAXY S24+,512GB,tmobile,good,$282.00,$535.00
GALAXY S24+,512GB,att,fair,$216.00,$535.00
GALAXY S24+,512GB,verizon,fair,$216.00,$535.00
GALAXY S24+,512GB,tmobile,fair,$216.00,$535.00
GALAXY S24+,512GB,att,damaged,$100.00,$535.00
GALAXY S24+,512GB,verizon,damaged,$100.00,$535.00
GALAXY S24+,512GB,tmobile,damaged,$100.00,$535.00
GALAXY S24+,512GB,unlocked,flawless,$392.00,$535.00
GALAXY S24+,512GB,unlocked,good,$355.00,$535.00
GALAXY S24+,512GB,unlocked,fair,$291.00,$535.00
GALAXY S24+,512GB,unlocked,damaged,$116.00,$535.00
GALAXY S25,128GB,att,flawless,$322.00,$440.00
GALAXY S25,128GB,verizon,flawless,$322.00,$440.00
GALAXY S25,128GB,tmobile,flawless,$322.00,$440.00
GALAXY S25,128GB,att,good,$274.00,$440.00
GALAXY S25,128GB,verizon,good,$274.00,$440.00
GALAXY S25,128GB,tmobile,good,$274.00,$440.00
GALAXY S25,128GB,att,fair,$176.00,$440.00
GALAXY S25,128GB,verizon,fair,$176.00,$440.00
GALAXY S25,128GB,tmobile,fair,$176.00,$440.00
GALAXY S25,128GB,att,damaged,$80.00,$440.00
GALAXY S25,128GB,verizon,damaged,$80.00,$440.00
GALAXY S25,128GB,tmobile,damaged,$80.00,$440.00
GALAXY S25,128GB,unlocked,flawless,$351.00,$440.00
GALAXY S25,128GB,unlocked,good,$320.00,$440.00
GALAXY S25,128GB,unlocked,fair,$251.00,$440.00
GALAXY S25,128GB,unlocked,damaged,$86.00,$440.00
GALAXY S25,256gb,att,flawless,$317.00,$540.00
GALAXY S25,256gb,verizon,flawless,$317.00,$540.00
GALAXY S25,256gb,tmobile,flawless,$317.00,$540.00
GALAXY S25,256gb,att,good,$287.00,$540.00
GALAXY S25,256gb,verizon,good,$287.00,$540.00
GALAXY S25,256gb,tmobile,good,$287.00,$540.00
GALAXY S25,256gb,att,fair,$173.00,$540.00
GALAXY S25,256gb,verizon,fair,$173.00,$540.00
GALAXY S25,256gb,tmobile,fair,$173.00,$540.00
GALAXY S25,256gb,att,damaged,$93.00,$540.00
GALAXY S25,256gb,verizon,damaged,$93.00,$540.00
GALAXY S25,256gb,tmobile,damaged,$93.00,$540.00
GALAXY S25,256gb,unlocked,flawless,$384.17,$540.00
GALAXY S25,256gb,unlocked,good,$356.00,$540.00
GALAXY S25,256gb,unlocked,fair,$286.00,$540.00
GALAXY S25,256gb,unlocked,damaged,$99.00,$540.00
GALAXY S25 EDGE,256gb,att,flawless,$379.00,$570.00
GALAXY S25 EDGE,256gb,verizon,flawless,$379.00,$570.00
GALAXY S25 EDGE,256gb,tmobile,flawless,$379.00,$570.00
GALAXY S25 EDGE,256gb,att,good,$330.00,$570.00
GALAXY S25 EDGE,256gb,verizon,good,$330.00,$570.00
GALAXY S25 EDGE,256gb,tmobile,good,$330.00,$570.00
GALAXY S25 EDGE,256gb,att,fair,$209.00,$570.00
GALAXY S25 EDGE,256gb,verizon,fair,$209.00,$570.00
GALAXY S25 EDGE,256gb,tmobile,fair,$209.00,$570.00
GALAXY S25 EDGE,256gb,att,damaged,$89.00,$570.00
GALAXY S25 EDGE,256gb,verizon,damaged,$89.00,$570.00
GALAXY S25 EDGE,256gb,tmobile,damaged,$89.00,$570.00
GALAXY S25 EDGE,256gb,unlocked,flawless,$408.17,$570.00
GALAXY S25 EDGE,256gb,unlocked,good,$408.17,$570.00
GALAXY S25 EDGE,256gb,unlocked,fair,$209.00,$570.00
GALAXY S25 EDGE,256gb,unlocked,damaged,$89.00,$570.00
GALAXY S25 EDGE,512GB,att,flawless,$416.00,$670.00
GALAXY S25 EDGE,512GB,verizon,flawless,$416.00,$670.00
GALAXY S25 EDGE,512GB,tmobile,flawless,$416.00,$670.00
GALAXY S25 EDGE,512GB,att,good,$365.00,$670.00
GALAXY S25 EDGE,512GB,verizon,good,$365.00,$670.00
GALAXY S25 EDGE,512GB,tmobile,good,$365.00,$670.00
GALAXY S25 EDGE,512GB,att,fair,$276.00,$670.00
GALAXY S25 EDGE,512GB,verizon,fair,$276.00,$670.00
GALAXY S25 EDGE,512GB,tmobile,fair,$276.00,$670.00
GALAXY S25 EDGE,512GB,att,damaged,$91.00,$670.00
GALAXY S25 EDGE,512GB,verizon,damaged,$91.00,$670.00
GALAXY S25 EDGE,512GB,tmobile,damaged,$91.00,$670.00
GALAXY S25 EDGE,512GB,unlocked,flawless,$516.00,$670.00
GALAXY S25 EDGE,512GB,unlocked,good,$465.00,$670.00
GALAXY S25 EDGE,512GB,unlocked,fair,$376.00,$670.00
GALAXY S25 EDGE,512GB,unlocked,damaged,$116.00,$670.00
GALAXY S25 ULTRA,256GB,att,flawless,$557.00,$790.00
GALAXY S25 ULTRA,256GB,verizon,flawless,$557.00,$790.00
GALAXY S25 ULTRA,256GB,tmobile,flawless,$557.00,$790.00
GALAXY S25 ULTRA,256GB,att,good,$495.00,$790.00
GALAXY S25 ULTRA,256GB,verizon,good,$495.00,$790.00
GALAXY S25 ULTRA,256GB,tmobile,good,$495.00,$790.00
GALAXY S25 ULTRA,256GB,att,fair,$421.00,$790.00
GALAXY S25 ULTRA,256GB,verizon,fair,$421.00,$790.00
GALAXY S25 ULTRA,256GB,tmobile,fair,$421.00,$790.00
GALAXY S25 ULTRA,256GB,att,damaged,$203.00,$790.00
GALAXY S25 ULTRA,256GB,verizon,damaged,$203.00,$790.00
GALAXY S25 ULTRA,256GB,tmobile,damaged,$203.00,$790.00
GALAXY S25 ULTRA,256GB,unlocked,flawless,$657.00,$790.00
GALAXY S25 ULTRA,256GB,unlocked,good,$595.00,$790.00
GALAXY S25 ULTRA,256GB,unlocked,fair,$520.00,$790.00
GALAXY S25 ULTRA,256GB,unlocked,damaged,$190.00,$790.00
GALAXY S25 ULTRA,512GB,att,flawless,$586.00,$905.00
GALAXY S25 ULTRA,512GB,verizon,flawless,$586.00,$905.00
GALAXY S25 ULTRA,512GB,tmobile,flawless,$586.00,$905.00
GALAXY S25 ULTRA,512GB,att,good,$525.00,$905.00
GALAXY S25 ULTRA,512GB,verizon,good,$525.00,$905.00
GALAXY S25 ULTRA,512GB,tmobile,good,$525.00,$905.00
GALAXY S25 ULTRA,512GB,att,fair,$475.00,$905.00
GALAXY S25 ULTRA,512GB,verizon,fair,$475.00,$905.00
GALAXY S25 ULTRA,512GB,tmobile,fair,$475.00,$905.00
GALAXY S25 ULTRA,512GB,att,damaged,$223.00,$905.00
GALAXY S25 ULTRA,512GB,verizon,damaged,$223.00,$905.00
GALAXY S25 ULTRA,512GB,tmobile,damaged,$223.00,$905.00
GALAXY S25 ULTRA,512GB,unlocked,flawless,$702.00,$905.00
GALAXY S25 ULTRA,512GB,unlocked,good,$630.00,$905.00
GALAXY S25 ULTRA,512GB,unlocked,fair,$575.00,$905.00
GALAXY S25 ULTRA,512GB,unlocked,damaged,$210.00,$905.00
GALAXY S25+,256GB,att,flawless,$416.00,$570.00
GALAXY S25+,256GB,verizon,flawless,$416.00,$570.00
GALAXY S25+,256GB,tmobile,flawless,$416.00,$570.00
GALAXY S25+,256GB,att,good,$355.00,$570.00
GALAXY S25+,256GB,verizon,good,$355.00,$570.00
GALAXY S25+,256GB,tmobile,good,$355.00,$570.00
GALAXY S25+,256GB,att,fair,$305.00,$570.00
GALAXY S25+,256GB,verizon,fair,$305.00,$570.00
GALAXY S25+,256GB,tmobile,fair,$305.00,$570.00
GALAXY S25+,256GB,att,damaged,$86.00,$570.00
GALAXY S25+,256GB,verizon,damaged,$86.00,$570.00
GALAXY S25+,256GB,tmobile,damaged,$86.00,$570.00
GALAXY S25+,256GB,unlocked,flawless,$472.00,$570.00
GALAXY S25+,256GB,unlocked,good,$435.00,$570.00
GALAXY S25+,256GB,unlocked,fair,$360.00,$570.00
GALAXY S25+,256GB,unlocked,damaged,$91.00,$570.00
GALAXY S25+,512GB,att,flawless,$462.00,$675.00
GALAXY S25+,512GB,verizon,flawless,$462.00,$675.00
GALAXY S25+,512GB,tmobile,flawless,$462.00,$675.00
GALAXY S25+,512GB,att,good,$405.00,$675.00
GALAXY S25+,512GB,verizon,good,$405.00,$675.00
GALAXY S25+,512GB,tmobile,good,$405.00,$675.00
GALAXY S25+,512GB,att,fair,$341.00,$675.00
GALAXY S25+,512GB,verizon,fair,$341.00,$675.00
GALAXY S25+,512GB,tmobile,fair,$341.00,$675.00
GALAXY S25+,512GB,att,damaged,$96.00,$675.00
GALAXY S25+,512GB,verizon,damaged,$96.00,$675.00
GALAXY S25+,512GB,tmobile,damaged,$96.00,$675.00
GALAXY S25+,512GB,unlocked,flawless,$532.00,$675.00
GALAXY S25+,512GB,unlocked,good,$480.00,$675.00
GALAXY S25+,512GB,unlocked,fair,$416.00,$675.00
GALAXY S25+,512GB,unlocked,damaged,$101.00,$675.00
GALAXY Z FLIP 4,128GB,att,flawless,$101.00,$210.00
GALAXY Z FLIP 4,128GB,verizon,flawless,$101.00,$210.00
GALAXY Z FLIP 4,128GB,tmobile,flawless,$101.00,$210.00
GALAXY Z FLIP 4,128GB,att,good,$85.00,$210.00
GALAXY Z FLIP 4,128GB,verizon,good,$85.00,$210.00
GALAXY Z FLIP 4,128GB,tmobile,good,$85.00,$210.00
GALAXY Z FLIP 4,128GB,att,fair,$46.00,$210.00
GALAXY Z FLIP 4,128GB,verizon,fair,$46.00,$210.00
GALAXY Z FLIP 4,128GB,tmobile,fair,$46.00,$210.00
GALAXY Z FLIP 4,128GB,att,damaged,$27.00,$210.00
GALAXY Z FLIP 4,128GB,verizon,damaged,$27.00,$210.00
GALAXY Z FLIP 4,128GB,tmobile,damaged,$27.00,$210.00
GALAXY Z FLIP 4,128GB,unlocked,flawless,$137.68,$210.00
GALAXY Z FLIP 4,128GB,unlocked,good,$122.00,$210.00
GALAXY Z FLIP 4,128GB,unlocked,fair,$82.00,$210.00
GALAXY Z FLIP 4,128GB,unlocked,damaged,$29.00,$210.00
GALAXY Z FLIP 5,256GB,att,flawless,$196.00,$305.00
GALAXY Z FLIP 5,256GB,verizon,flawless,$196.00,$305.00
GALAXY Z FLIP 5,256GB,tmobile,flawless,$196.00,$305.00
GALAXY Z FLIP 5,256GB,att,good,$165.00,$305.00
GALAXY Z FLIP 5,256GB,verizon,good,$165.00,$305.00
GALAXY Z FLIP 5,256GB,tmobile,good,$165.00,$305.00
GALAXY Z FLIP 5,256GB,att,fair,$136.00,$305.00
GALAXY Z FLIP 5,256GB,verizon,fair,$136.00,$305.00
GALAXY Z FLIP 5,256GB,tmobile,fair,$136.00,$305.00
GALAXY Z FLIP 5,256GB,att,damaged,$38.00,$305.00
GALAXY Z FLIP 5,256GB,verizon,damaged,$38.00,$305.00
GALAXY Z FLIP 5,256GB,tmobile,damaged,$38.00,$305.00
GALAXY Z FLIP 5,256GB,unlocked,flawless,$208.77,$305.00
GALAXY Z FLIP 5,256GB,unlocked,good,$208.79,$305.00
GALAXY Z FLIP 5,256GB,unlocked,fair,$168.00,$305.00
GALAXY Z FLIP 5,256GB,unlocked,damaged,$78.00,$305.00
GALAXY Z FLIP 6,256GB,att,flawless,$264.20,$390.00
GALAXY Z FLIP 6,256GB,verizon,flawless,$264.20,$390.00
GALAXY Z FLIP 6,256GB,tmobile,flawless,$264.20,$390.00
GALAXY Z FLIP 6,256GB,att,good,$226.00,$390.00
GALAXY Z FLIP 6,256GB,verizon,good,$226.00,$390.00
GALAXY Z FLIP 6,256GB,tmobile,good,$226.00,$390.00
GALAXY Z FLIP 6,256GB,att,fair,$136.00,$390.00
GALAXY Z FLIP 6,256GB,verizon,fair,$136.00,$390.00
GALAXY Z FLIP 6,256GB,tmobile,fair,$136.00,$390.00
GALAXY Z FLIP 6,256GB,att,damaged,$44.00,$390.00
GALAXY Z FLIP 6,256GB,verizon,damaged,$44.00,$390.00
GALAXY Z FLIP 6,256GB,tmobile,damaged,$44.00,$390.00
GALAXY Z FLIP 6,256GB,unlocked,flawless,$270.86,$390.00
GALAXY Z FLIP 6,256GB,unlocked,good,$272.36,$390.00
GALAXY Z FLIP 6,256GB,unlocked,fair,$236.00,$390.00
GALAXY Z FLIP 6,256GB,unlocked,damaged,$64.00,$390.00
GALAXY Z FOLD 4,256GB,att,flawless,$261.00,$420.00
GALAXY Z FOLD 4,256GB,verizon,flawless,$261.00,$420.00
GALAXY Z FOLD 4,256GB,tmobile,flawless,$261.00,$420.00
GALAXY Z FOLD 4,256GB,att,good,$270.00,$420.00
GALAXY Z FOLD 4,256GB,verizon,good,$270.00,$420.00
GALAXY Z FOLD 4,256GB,tmobile,good,$270.00,$420.00
GALAXY Z FOLD 4,256GB,att,fair,$144.00,$420.00
GALAXY Z FOLD 4,256GB,verizon,fair,$144.00,$420.00
GALAXY Z FOLD 4,256GB,tmobile,fair,$144.00,$420.00
GALAXY Z FOLD 4,256GB,att,damaged,$48.00,$420.00
GALAXY Z FOLD 4,256GB,verizon,damaged,$48.00,$420.00
GALAXY Z FOLD 4,256GB,tmobile,damaged,$48.00,$420.00
GALAXY Z FOLD 4,256GB,unlocked,flawless,$293.77,$420.00
GALAXY Z FOLD 4,256GB,unlocked,good,$275.00,$420.00
GALAXY Z FOLD 4,256GB,unlocked,fair,$211.00,$420.00
GALAXY Z FOLD 4,256GB,unlocked,damaged,$73.00,$420.00
GALAXY Z FOLD 5,256GB,att,flawless,$334.25,$485.00
GALAXY Z FOLD 5,256GB,verizon,flawless,$334.25,$485.00
GALAXY Z FOLD 5,256GB,tmobile,flawless,$334.25,$485.00
GALAXY Z FOLD 5,256GB,att,good,$295.00,$485.00
GALAXY Z FOLD 5,256GB,verizon,good,$295.00,$485.00
GALAXY Z FOLD 5,256GB,tmobile,good,$295.00,$485.00
GALAXY Z FOLD 5,256GB,att,fair,$203.00,$485.00
GALAXY Z FOLD 5,256GB,verizon,fair,$203.00,$485.00
GALAXY Z FOLD 5,256GB,tmobile,fair,$203.00,$485.00
GALAXY Z FOLD 5,256GB,att,damaged,$92.00,$485.00
GALAXY Z FOLD 5,256GB,verizon,damaged,$92.00,$485.00
GALAXY Z FOLD 5,256GB,tmobile,damaged,$92.00,$485.00
GALAXY Z FOLD 5,256GB,unlocked,flawless,$343.17,$485.00
GALAXY Z FOLD 5,256GB,unlocked,good,$342.37,$485.00
GALAXY Z FOLD 5,256GB,unlocked,fair,$307.00,$485.00
GALAXY Z FOLD 5,256GB,unlocked,damaged,$108.00,$485.00
GALAXY Z FOLD 6,256GB,att,flawless,$431.00,$760.00
GALAXY Z FOLD 6,256GB,verizon,flawless,$431.00,$760.00
GALAXY Z FOLD 6,256GB,tmobile,flawless,$431.00,$760.00
GALAXY Z FOLD 6,256GB,att,good,$401.00,$760.00
GALAXY Z FOLD 6,256GB,verizon,good,$401.00,$760.00
GALAXY Z FOLD 6,256GB,tmobile,good,$401.00,$760.00
GALAXY Z FOLD 6,256GB,att,fair,$236.00,$760.00
GALAXY Z FOLD 6,256GB,verizon,fair,$236.00,$760.00
GALAXY Z FOLD 6,256GB,tmobile,fair,$236.00,$760.00
GALAXY Z FOLD 6,256GB,att,damaged,$144.00,$760.00
GALAXY Z FOLD 6,256GB,verizon,damaged,$144.00,$760.00
GALAXY Z FOLD 6,256GB,tmobile,damaged,$144.00,$760.00
GALAXY Z FOLD 6,256GB,unlocked,flawless,$554.00,$760.00
GALAXY Z FOLD 6,256GB,unlocked,good,$482.00,$760.00
GALAXY Z FOLD 6,256GB,unlocked,fair,$424.00,$760.00
GALAXY Z FOLD 6,256GB,unlocked,damaged,$144.00,$760.00